job_id,instance,A,L,old_best_multi_fitness,new_best_multi_fitness,delta_best_multi_fitness,old_trip_count,new_trip_count,old_leg_count,new_leg_count,old_mv_trip_count,new_mv_trip_count,old_dup_pkg_cnt,new_dup_pkg_cnt,old_dup_pkgs,new_dup_pkgs,old_mv_trip_details,new_mv_trip_details
1,test_data/data_demand_random_50_batch_all1_equal_cluster/C101_0.5.dat,4,60,,,,0,0,0,0,0,0,0,0,,,,
2,test_data/data_demand_random_50_batch_all1_equal_cluster/C101_0.5.dat,4,90,,,,0,0,0,0,0,0,0,0,,,,
3,test_data/data_demand_random_50_batch_all1_equal_cluster/C101_0.5.dat,4,120,,,,0,0,0,0,0,0,0,0,,,,
4,test_data/data_demand_random_50_batch_all1_equal_cluster/C101_0.5.dat,8,60,,,,0,0,0,0,0,0,0,0,,,,
5,test_data/data_demand_random_50_batch_all1_equal_cluster/C101_0.5.dat,8,90,391,391,0,3,3,4,4,1,1,0,0,,,"0:trucks=[0, 1],events=2","0:trucks=[0, 1],events=2"
6,test_data/data_demand_random_50_batch_all1_equal_cluster/C101_0.5.dat,8,120,,,,0,0,0,0,0,0,0,0,,,,
7,test_data/data_demand_random_50_batch_all1_equal_cluster/C101_1.5.dat,4,60,,,,0,0,0,0,0,0,0,0,,,,
8,test_data/data_demand_random_50_batch_all1_equal_cluster/C101_1.5.dat,4,90,,,,0,0,0,0,0,0,0,0,,,,
9,test_data/data_demand_random_50_batch_all1_equal_cluster/C101_1.5.dat,4,120,,,,0,0,0,0,0,0,0,0,,,,
10,test_data/data_demand_random_50_batch_all1_equal_cluster/C101_1.5.dat,8,60,,,,0,0,0,0,0,0,0,0,,,,
11,test_data/data_demand_random_50_batch_all1_equal_cluster/C101_1.5.dat,8,90,610,610,0,2,2,3,3,1,1,0,0,,,"1:trucks=[0, 1],events=2","1:trucks=[0, 1],events=2"
12,test_data/data_demand_random_50_batch_all1_equal_cluster/C101_1.5.dat,8,120,610,610,0,2,2,3,3,1,1,0,0,,,"1:trucks=[0, 1],events=2","1:trucks=[0, 1],events=2"
13,test_data/data_demand_random_50_batch_all1_equal_cluster/C201_0.5.dat,4,60,,,,0,0,0,0,0,0,0,0,,,,
14,test_data/data_demand_random_50_batch_all1_equal_cluster/C201_0.5.dat,4,90,,,,0,0,0,0,0,0,0,0,,,,
15,test_data/data_demand_random_50_batch_all1_equal_cluster/C201_0.5.dat,4,120,,,,0,0,0,0,0,0,0,0,,,,
16,test_data/data_demand_random_50_batch_all1_equal_cluster/C201_0.5.dat,8,60,499.612496949731,499.612496949731,0,7,7,8,9,1,2,0,0,,,"0:trucks=[0, 1],events=2","0:trucks=[0, 1],events=2 | 1:trucks=[0, 1],events=2"
17,test_data/data_demand_random_50_batch_all1_equal_cluster/C201_0.5.dat,8,90,,,,0,0,0,0,0,0,0,0,,,,
18,test_data/data_demand_random_50_batch_all1_equal_cluster/C201_0.5.dat,8,120,477.068883707497,477.068883707497,0,8,8,9,9,1,1,0,0,,,"7:trucks=[0, 1],events=2","7:trucks=[0, 1],events=2"
19,test_data/data_demand_random_50_batch_all1_equal_cluster/C201_1.5.dat,4,60,816.612496949731,816.612496949731,0,14,14,16,16,2,2,0,0,,,"2:trucks=[0, 1],events=2 | 4:trucks=[0, 1],events=2","2:trucks=[0, 1],events=2 | 4:trucks=[0, 1],events=2"
20,test_data/data_demand_random_50_batch_all1_equal_cluster/C201_1.5.dat,4,90,746.311288741493,746.311288741493,0,12,12,13,13,1,1,0,0,,,"0:trucks=[0, 1],events=2","0:trucks=[0, 1],events=2"
21,test_data/data_demand_random_50_batch_all1_equal_cluster/C201_1.5.dat,4,120,746.311288741493,746.311288741493,0,12,12,13,13,1,1,0,0,,,"0:trucks=[0, 1],events=2","0:trucks=[0, 1],events=2"
22,test_data/data_demand_random_50_batch_all1_equal_cluster/C201_1.5.dat,8,60,770.323807579381,770.323807579381,0,8,8,10,10,2,2,0,0,,,"0:trucks=[0, 1],events=2 | 3:trucks=[0, 1],events=2","0:trucks=[0, 1],events=2 | 3:trucks=[0, 1],events=2"
23,test_data/data_demand_random_50_batch_all1_equal_cluster/C201_1.5.dat,8,90,741.311288741493,741.311288741493,0,7,7,9,10,2,3,0,0,,,"0:trucks=[0, 1],events=2 | 1:trucks=[0, 1],events=2","0:trucks=[0, 1],events=2 | 1:trucks=[0, 1],events=2 | 4:trucks=[0, 1],events=2"
24,test_data/data_demand_random_50_batch_all1_equal_cluster/C201_1.5.dat,8,120,741.311288741493,741.311288741493,0,7,7,11,11,4,4,0,0,,,"0:trucks=[0, 1],events=2 | 1:trucks=[0, 1],events=2 | 2:trucks=[0, 1],events=2 | 5:trucks=[0, 1],events=2","0:trucks=[0, 1],events=2 | 1:trucks=[0, 1],events=2 | 2:trucks=[0, 1],events=2 | 5:trucks=[0, 1],events=2"
25,test_data/data_demand_random_50_batch_all1_equal_cluster/C201_1.dat,4,60,645.558144296406,645.558144296406,0,12,12,13,13,1,1,0,0,,,"0:trucks=[0, 1],events=2","0:trucks=[0, 1],events=2"
26,test_data/data_demand_random_50_batch_all1_equal_cluster/C201_1.dat,4,90,,,,0,0,0,0,0,0,0,0,,,,
27,test_data/data_demand_random_50_batch_all1_equal_cluster/C201_1.dat,4,120,,,,0,0,0,0,0,0,0,0,,,,
28,test_data/data_demand_random_50_batch_all1_equal_cluster/C201_1.dat,8,60,,,,0,0,0,0,0,0,0,0,,,,
29,test_data/data_demand_random_50_batch_all1_equal_cluster/C201_1.dat,8,90,588.298221281347,588.298221281347,0,8,8,9,9,1,1,0,0,,,"0:trucks=[0, 1],events=2","0:trucks=[0, 1],events=2"
30,test_data/data_demand_random_50_batch_all1_equal_cluster/C201_1.dat,8,120,589.536282640956,589.536282640956,0,7,7,9,9,2,2,0,0,,,"2:trucks=[0, 1],events=2 | 5:trucks=[0, 1],events=2","2:trucks=[0, 1],events=2 | 5:trucks=[0, 1],events=2"
31,test_data/data_demand_random_50_batch_all1_equal_cluster/C201_2.5.dat,4,60,962.298221281347,962.298221281347,0,12,12,14,14,2,2,0,0,,,"0:trucks=[0, 1],events=2 | 1:trucks=[0, 1],events=2","0:trucks=[0, 1],events=2 | 1:trucks=[0, 1],events=2"
32,test_data/data_demand_random_50_batch_all1_equal_cluster/C201_2.5.dat,4,90,931.07886552932,931.07886552932,0,14,13,16,16,2,3,0,0,,,"0:trucks=[0, 1],events=2 | 2:trucks=[0, 1],events=2","0:trucks=[0, 1],events=2 | 2:trucks=[0, 1],events=2 | 3:trucks=[0, 1],events=2"
33,test_data/data_demand_random_50_batch_all1_equal_cluster/C201_2.5.dat,4,120,931.07886552932,931.07886552932,0,14,14,15,15,1,1,0,0,,,"6:trucks=[0, 1],events=2","6:trucks=[0, 1],events=2"
34,test_data/data_demand_random_50_batch_all1_equal_cluster/C201_2.5.dat,8,60,962.298221281347,962.298221281347,0,8,8,9,9,1,1,0,0,,,"1:trucks=[0, 1],events=2","1:trucks=[0, 1],events=2"
35,test_data/data_demand_random_50_batch_all1_equal_cluster/C201_2.5.dat,8,90,931.07886552932,931.07886552932,0,12,12,15,17,3,5,0,0,,,"0:trucks=[0, 1],events=2 | 4:trucks=[0, 1],events=2 | 5:trucks=[0, 1],events=2","0:trucks=[0, 1],events=2 | 2:trucks=[0, 1],events=2 | 3:trucks=[0, 1],events=2 | 5:trucks=[0, 1],events=2 | 7:trucks=[0, 1],events=2"
36,test_data/data_demand_random_50_batch_all1_equal_cluster/C201_2.5.dat,8,120,931.07886552932,931.07886552932,0,12,12,16,16,4,4,0,0,,,"1:trucks=[0, 1],events=2 | 2:trucks=[0, 1],events=2 | 4:trucks=[0, 1],events=2 | 5:trucks=[0, 1],events=2","1:trucks=[0, 1],events=2 | 2:trucks=[0, 1],events=2 | 4:trucks=[0, 1],events=2 | 5:trucks=[0, 1],events=2"
37,test_data/data_demand_random_50_batch_all1_equal_cluster/C201_2.dat,4,60,,,,0,0,0,0,0,0,0,0,,,,
38,test_data/data_demand_random_50_batch_all1_equal_cluster/C201_2.dat,4,90,830.04834939252,830.04834939252,0,13,13,14,14,1,1,0,0,,,"2:trucks=[0, 1],events=2","2:trucks=[0, 1],events=2"
39,test_data/data_demand_random_50_batch_all1_equal_cluster/C201_2.dat,4,120,830.04834939252,830.04834939252,0,14,14,16,16,2,2,0,0,,,"1:trucks=[0, 1],events=2 | 6:trucks=[0, 1],events=2","1:trucks=[0, 1],events=2 | 6:trucks=[0, 1],events=2"
40,test_data/data_demand_random_50_batch_all1_equal_cluster/C201_2.dat,8,60,,,,0,0,0,0,0,0,0,0,,,,
41,test_data/data_demand_random_50_batch_all1_equal_cluster/C201_2.dat,8,90,826.05551275464,826.05551275464,0,9,9,11,13,2,4,0,0,,,"0:trucks=[0, 1],events=2 | 1:trucks=[0, 1],events=2","0:trucks=[0, 1],events=2 | 1:trucks=[0, 1],events=2 | 2:trucks=[0, 1],events=2 | 3:trucks=[0, 1],events=2"
42,test_data/data_demand_random_50_batch_all1_equal_cluster/C201_2.dat,8,120,826.05551275464,826.05551275464,0,11,11,13,14,2,3,0,0,,,"0:trucks=[0, 1],events=2 | 5:trucks=[0, 1],events=2","0:trucks=[0, 1],events=2 | 3:trucks=[0, 1],events=2 | 5:trucks=[0, 1],events=2"
43,test_data/data_demand_random_50_batch_all1_equal_cluster/C201_3.dat,4,60,,,,0,0,0,0,0,0,0,0,,,,
44,test_data/data_demand_random_50_batch_all1_equal_cluster/C201_3.dat,4,90,1085.805843601499,1085.805843601499,0,14,14,15,15,1,1,0,0,,,"3:trucks=[0, 1],events=2","3:trucks=[0, 1],events=2"
45,test_data/data_demand_random_50_batch_all1_equal_cluster/C201_3.dat,4,120,1085.805843601499,1085.805843601499,0,14,14,16,16,2,2,0,0,,,"4:trucks=[0, 1],events=2 | 7:trucks=[0, 1],events=2","4:trucks=[0, 1],events=2 | 7:trucks=[0, 1],events=2"
46,test_data/data_demand_random_50_batch_all1_equal_cluster/C201_3.dat,8,60,,,,0,0,0,0,0,0,0,0,,,,
47,test_data/data_demand_random_50_batch_all1_equal_cluster/C201_3.dat,8,90,1085.805843601499,1085.805843601499,0,9,9,12,12,3,3,0,0,,,"2:trucks=[0, 1],events=2 | 4:trucks=[0, 1],events=2 | 6:trucks=[0, 1],events=2","2:trucks=[0, 1],events=2 | 4:trucks=[0, 1],events=2 | 6:trucks=[0, 1],events=2"
48,test_data/data_demand_random_50_batch_all1_equal_cluster/C201_3.dat,8,120,1085.805843601499,1085.805843601499,0,13,13,15,17,2,4,0,0,,,"4:trucks=[0, 1],events=2 | 6:trucks=[0, 1],events=2","2:trucks=[0, 1],events=2 | 3:trucks=[0, 1],events=2 | 4:trucks=[0, 1],events=2 | 6:trucks=[0, 1],events=2"
49,test_data/data_demand_random_50_batch_all1_equal_cluster/RC101_0.5.dat,4,60,,,,0,0,0,0,0,0,0,0,,,,
50,test_data/data_demand_random_50_batch_all1_equal_cluster/RC101_0.5.dat,4,90,,,,0,0,0,0,0,0,0,0,,,,
51,test_data/data_demand_random_50_batch_all1_equal_cluster/RC101_0.5.dat,4,120,,,,0,0,0,0,0,0,0,0,,,,
52,test_data/data_demand_random_50_batch_all1_equal_cluster/RC101_0.5.dat,8,60,,,,0,0,0,0,0,0,0,0,,,,
53,test_data/data_demand_random_50_batch_all1_equal_cluster/RC101_0.5.dat,8,90,,,,0,0,0,0,0,0,0,0,,,,
54,test_data/data_demand_random_50_batch_all1_equal_cluster/RC101_0.5.dat,8,120,,,,0,0,0,0,0,0,0,0,,,,
55,test_data/data_demand_random_50_batch_all1_equal_cluster/RC101_1.5.dat,4,60,,,,0,0,0,0,0,0,0,0,,,,
56,test_data/data_demand_random_50_batch_all1_equal_cluster/RC101_1.5.dat,4,90,,,,0,0,0,0,0,0,0,0,,,,
57,test_data/data_demand_random_50_batch_all1_equal_cluster/RC101_1.5.dat,4,120,,,,0,0,0,0,0,0,0,0,,,,
58,test_data/data_demand_random_50_batch_all1_equal_cluster/RC101_1.5.dat,8,60,,,,0,0,0,0,0,0,0,0,,,,
59,test_data/data_demand_random_50_batch_all1_equal_cluster/RC101_1.5.dat,8,90,,,,0,0,0,0,0,0,0,0,,,,
60,test_data/data_demand_random_50_batch_all1_equal_cluster/RC101_1.5.dat,8,120,,,,0,0,0,0,0,0,0,0,,,,
61,test_data/data_demand_random_50_batch_all1_equal_cluster/RC101_1.dat,4,60,,,,0,0,0,0,0,0,0,0,,,,
62,test_data/data_demand_random_50_batch_all1_equal_cluster/RC101_1.dat,4,90,,,,0,0,0,0,0,0,0,0,,,,
63,test_data/data_demand_random_50_batch_all1_equal_cluster/RC101_1.dat,4,120,,,,0,0,0,0,0,0,0,0,,,,
64,test_data/data_demand_random_50_batch_all1_equal_cluster/RC101_1.dat,8,60,,,,0,0,0,0,0,0,0,0,,,,
65,test_data/data_demand_random_50_batch_all1_equal_cluster/RC101_1.dat,8,90,,,,0,0,0,0,0,0,0,0,,,,
66,test_data/data_demand_random_50_batch_all1_equal_cluster/RC101_1.dat,8,120,,,,0,0,0,0,0,0,0,0,,,,
67,test_data/data_demand_random_50_batch_all1_equal_cluster/RC101_2.5.dat,4,60,,,,0,0,0,0,0,0,0,0,,,,
68,test_data/data_demand_random_50_batch_all1_equal_cluster/RC101_2.5.dat,4,90,,,,0,0,0,0,0,0,0,0,,,,
69,test_data/data_demand_random_50_batch_all1_equal_cluster/RC101_2.5.dat,4,120,,,,0,0,0,0,0,0,0,0,,,,
70,test_data/data_demand_random_50_batch_all1_equal_cluster/RC101_2.5.dat,8,60,,,,0,0,0,0,0,0,0,0,,,,
71,test_data/data_demand_random_50_batch_all1_equal_cluster/RC101_2.5.dat,8,90,,,,0,0,0,0,0,0,0,0,,,,
72,test_data/data_demand_random_50_batch_all1_equal_cluster/RC101_2.5.dat,8,120,,,,0,0,0,0,0,0,0,0,,,,
73,test_data/data_demand_random_50_batch_all1_equal_cluster/RC101_2.dat,4,60,,,,0,0,0,0,0,0,0,0,,,,
74,test_data/data_demand_random_50_batch_all1_equal_cluster/RC101_2.dat,4,90,,,,0,0,0,0,0,0,0,0,,,,
75,test_data/data_demand_random_50_batch_all1_equal_cluster/RC101_2.dat,4,120,,,,0,0,0,0,0,0,0,0,,,,
76,test_data/data_demand_random_50_batch_all1_equal_cluster/RC101_2.dat,8,60,,,,0,0,0,0,0,0,0,0,,,,
77,test_data/data_demand_random_50_batch_all1_equal_cluster/RC101_2.dat,8,90,,,,0,0,0,0,0,0,0,0,,,,
78,test_data/data_demand_random_50_batch_all1_equal_cluster/RC101_2.dat,8,120,,,,0,0,0,0,0,0,0,0,,,,
79,test_data/data_demand_random_50_batch_all1_equal_cluster/RC101_3.dat,4,60,,,,0,0,0,0,0,0,0,0,,,,
80,test_data/data_demand_random_50_batch_all1_equal_cluster/RC101_3.dat,4,90,,,,0,0,0,0,0,0,0,0,,,,
81,test_data/data_demand_random_50_batch_all1_equal_cluster/RC101_3.dat,4,120,,,,0,0,0,0,0,0,0,0,,,,
82,test_data/data_demand_random_50_batch_all1_equal_cluster/RC101_3.dat,8,60,,,,0,0,0,0,0,0,0,0,,,,
83,test_data/data_demand_random_50_batch_all1_equal_cluster/RC101_3.dat,8,90,,,,0,0,0,0,0,0,0,0,,,,
84,test_data/data_demand_random_50_batch_all1_equal_cluster/RC101_3.dat,8,120,,,,0,0,0,0,0,0,0,0,,,,
85,test_data/data_demand_random_50_batch_all1_equal_random/C101_0.5.dat,4,60,,,,0,0,0,0,0,0,0,0,,,,
86,test_data/data_demand_random_50_batch_all1_equal_random/C101_0.5.dat,4,90,,,,0,0,0,0,0,0,0,0,,,,
87,test_data/data_demand_random_50_batch_all1_equal_random/C101_0.5.dat,4,120,,,,0,0,0,0,0,0,0,0,,,,
88,test_data/data_demand_random_50_batch_all1_equal_random/C101_0.5.dat,8,60,,,,0,0,0,0,0,0,0,0,,,,
89,test_data/data_demand_random_50_batch_all1_equal_random/C101_0.5.dat,8,90,,398.110770276275,,0,2,0,3,0,1,0,0,,,,"1:trucks=[0, 1],events=2"
90,test_data/data_demand_random_50_batch_all1_equal_random/C101_0.5.dat,8,120,,398.110770276275,,0,2,0,3,0,1,0,0,,,,"1:trucks=[0, 1],events=2"
91,test_data/data_demand_random_50_batch_all1_equal_random/C201_0.5.dat,4,60,,,,0,0,0,0,0,0,0,0,,,,
92,test_data/data_demand_random_50_batch_all1_equal_random/C201_0.5.dat,4,90,,,,0,0,0,0,0,0,0,0,,,,
93,test_data/data_demand_random_50_batch_all1_equal_random/C201_0.5.dat,4,120,,,,0,0,0,0,0,0,0,0,,,,
94,test_data/data_demand_random_50_batch_all1_equal_random/C201_0.5.dat,8,60,,,,0,0,0,0,0,0,0,0,,,,
95,test_data/data_demand_random_50_batch_all1_equal_random/C201_0.5.dat,8,90,,578.637015495209,,0,7,0,8,0,1,0,0,,,,"0:trucks=[0, 1],events=2"
96,test_data/data_demand_random_50_batch_all1_equal_random/C201_0.5.dat,8,120,,,,0,0,0,0,0,0,0,0,,,,
97,test_data/data_demand_random_50_batch_all1_equal_random/C201_1.5.dat,4,60,745.76305461424,745.76305461424,0,14,14,15,15,1,1,0,0,,,"4:trucks=[0, 1],events=2","4:trucks=[0, 1],events=2"
98,test_data/data_demand_random_50_batch_all1_equal_random/C201_1.5.dat,4,90,716.068883707497,716.068883707497,0,14,14,15,15,1,1,0,0,,,"3:trucks=[0, 1],events=2","3:trucks=[0, 1],events=2"
99,test_data/data_demand_random_50_batch_all1_equal_random/C201_1.5.dat,4,120,713.840522027551,713.840522027551,0,11,11,12,12,1,1,0,0,,,"0:trucks=[0, 1],events=2","0:trucks=[0, 1],events=2"
100,test_data/data_demand_random_50_batch_all1_equal_random/C201_1.5.dat,8,60,719,719,0,8,8,9,9,1,1,0,0,,,"0:trucks=[0, 1],events=2","0:trucks=[0, 1],events=2"
101,test_data/data_demand_random_50_batch_all1_equal_random/C201_1.5.dat,8,90,,,,0,0,0,0,0,0,0,0,,,,
102,test_data/data_demand_random_50_batch_all1_equal_random/C201_1.5.dat,8,120,712.051248379533,712.051248379533,0,9,9,11,11,2,2,0,0,,,"1:trucks=[0, 1],events=2 | 2:trucks=[0, 1],events=2","1:trucks=[0, 1],events=2 | 2:trucks=[0, 1],events=2"
103,test_data/data_demand_random_50_batch_all1_equal_random/C201_1.dat,4,60,,,,0,0,0,0,0,0,0,0,,,,
104,test_data/data_demand_random_50_batch_all1_equal_random/C201_1.dat,4,90,,,,0,0,0,0,0,0,0,0,,,,
105,test_data/data_demand_random_50_batch_all1_equal_random/C201_1.dat,4,120,,,,0,0,0,0,0,0,0,0,,,,
106,test_data/data_demand_random_50_batch_all1_equal_random/C201_1.dat,8,60,,629.782278276756,,0,7,0,8,0,1,0,0,,,,"4:trucks=[0, 1],events=2"
107,test_data/data_demand_random_50_batch_all1_equal_random/C201_1.dat,8,90,,,,0,0,0,0,0,0,0,0,,,,
108,test_data/data_demand_random_50_batch_all1_equal_random/C201_1.dat,8,120,,,,0,0,0,0,0,0,0,0,,,,
109,test_data/data_demand_random_50_batch_all1_equal_random/C201_2.5.dat,4,60,1049.661903789691,1049.661903789691,0,13,13,14,14,1,1,0,0,,,"2:trucks=[0, 1],events=2","2:trucks=[0, 1],events=2"
110,test_data/data_demand_random_50_batch_all1_equal_random/C201_2.5.dat,4,90,1006.803508501983,1006.803508501983,0,16,16,20,21,4,5,0,0,,,"0:trucks=[0, 1],events=2 | 3:trucks=[0, 1],events=2 | 5:trucks=[0, 1],events=2 | 8:trucks=[0, 1],events=2","0:trucks=[0, 1],events=2 | 1:trucks=[0, 1],events=2 | 3:trucks=[0, 1],events=2 | 5:trucks=[0, 1],events=2 | 8:trucks=[0, 1],events=2"
111,test_data/data_demand_random_50_batch_all1_equal_random/C201_2.5.dat,4,120,1004.709920264365,1004.709920264365,0,13,13,14,14,1,1,0,0,,,"3:trucks=[0, 1],events=2","3:trucks=[0, 1],events=2"
112,test_data/data_demand_random_50_batch_all1_equal_random/C201_2.5.dat,8,60,1028.313207915828,1028.313207915828,0,11,11,12,12,1,1,0,0,,,"2:trucks=[0, 1],events=2","2:trucks=[0, 1],events=2"
113,test_data/data_demand_random_50_batch_all1_equal_random/C201_2.5.dat,8,90,1004.709920264365,1004.709920264365,0,11,11,12,13,1,2,0,0,,,"2:trucks=[0, 1],events=2","1:trucks=[0, 1],events=2 | 2:trucks=[0, 1],events=2"
114,test_data/data_demand_random_50_batch_all1_equal_random/C201_2.5.dat,8,120,1004.709920264365,1004.709920264365,0,11,11,16,16,5,5,0,0,,,"0:trucks=[0, 1],events=2 | 1:trucks=[0, 1],events=2 | 2:trucks=[0, 1],events=2 | 4:trucks=[0, 1],events=2 | 10:trucks=[0, 1],events=2","0:trucks=[0, 1],events=2 | 1:trucks=[0, 1],events=2 | 2:trucks=[0, 1],events=2 | 4:trucks=[0, 1],events=2 | 10:trucks=[0, 1],events=2"
115,test_data/data_demand_random_50_batch_all1_equal_random/C201_2.dat,4,60,,,,0,0,0,0,0,0,0,0,,,,
116,test_data/data_demand_random_50_batch_all1_equal_random/C201_2.dat,4,90,853.615528128088,853.615528128088,0,14,14,15,15,1,1,0,0,,,"7:trucks=[0, 1],events=2","7:trucks=[0, 1],events=2"
117,test_data/data_demand_random_50_batch_all1_equal_random/C201_2.dat,4,120,853.615528128088,853.615528128088,0,13,13,14,15,1,2,0,0,,,"9:trucks=[0, 1],events=2","1:trucks=[0, 1],events=2 | 9:trucks=[0, 1],events=2"
118,test_data/data_demand_random_50_batch_all1_equal_random/C201_2.dat,8,60,856.615528128088,856.615528128088,0,8,8,9,9,1,1,0,0,,,"0:trucks=[0, 1],events=2","0:trucks=[0, 1],events=2"
119,test_data/data_demand_random_50_batch_all1_equal_random/C201_2.dat,8,90,848.615528128088,848.615528128088,0,10,10,11,11,1,1,0,0,,,"1:trucks=[0, 1],events=2","1:trucks=[0, 1],events=2"
120,test_data/data_demand_random_50_batch_all1_equal_random/C201_2.dat,8,120,851.113002811147,851.113002811147,0,9,8,12,13,3,5,0,0,,,"2:trucks=[0, 1],events=2 | 7:trucks=[0, 1],events=2 | 8:trucks=[0, 1],events=2","2:trucks=[0, 1],events=2 | 3:trucks=[0, 1],events=2 | 5:trucks=[0, 1],events=2 | 6:trucks=[0, 1],events=2 | 7:trucks=[0, 1],events=2"
121,test_data/data_demand_random_50_batch_all1_equal_random/C201_3.dat,4,60,1228.709920264365,1228.709920264365,0,12,12,13,13,1,1,0,0,,,"3:trucks=[0, 1],events=2","3:trucks=[0, 1],events=2"
122,test_data/data_demand_random_50_batch_all1_equal_random/C201_3.dat,4,90,1203.051248379533,1203.051248379533,0,12,12,15,16,3,4,0,0,,,"0:trucks=[0, 1],events=2 | 4:trucks=[0, 1],events=2 | 7:trucks=[0, 1],events=2","0:trucks=[0, 1],events=2 | 2:trucks=[0, 1],events=2 | 4:trucks=[0, 1],events=2 | 7:trucks=[0, 1],events=2"
123,test_data/data_demand_random_50_batch_all1_equal_random/C201_3.dat,4,120,1190.612496949731,1190.612496949731,0,12,11,15,16,3,5,0,0,,,"2:trucks=[0, 1],events=2 | 5:trucks=[0, 1],events=2 | 9:trucks=[0, 1],events=2","1:trucks=[0, 1],events=2 | 2:trucks=[0, 1],events=2 | 3:trucks=[0, 1],events=2 | 4:trucks=[0, 1],events=2 | 8:trucks=[0, 1],events=2"
124,test_data/data_demand_random_50_batch_all1_equal_random/C201_3.dat,8,60,1202.298221281347,1202.298221281347,0,10,10,11,12,1,2,0,0,,,"1:trucks=[0, 1],events=2","1:trucks=[0, 1],events=2 | 3:trucks=[0, 1],events=2"
125,test_data/data_demand_random_50_batch_all1_equal_random/C201_3.dat,8,90,1190.612496949731,1190.612496949731,0,10,10,13,13,3,3,0,0,,,"2:trucks=[0, 1],events=2 | 5:trucks=[0, 1],events=2 | 6:trucks=[0, 1],events=2","2:trucks=[0, 1],events=2 | 5:trucks=[0, 1],events=2 | 6:trucks=[0, 1],events=2"
126,test_data/data_demand_random_50_batch_all1_equal_random/C201_3.dat,8,120,1190.612496949731,1190.612496949731,0,9,9,13,13,4,4,0,0,,,"0:trucks=[0, 1],events=2 | 4:trucks=[0, 1],events=2 | 5:trucks=[0, 1],events=2 | 6:trucks=[0, 1],events=2","0:trucks=[0, 1],events=2 | 4:trucks=[0, 1],events=2 | 5:trucks=[0, 1],events=2 | 6:trucks=[0, 1],events=2"
127,test_data/data_demand_random_50_batch_all1_equal_random/RC101_0.5.dat,4,60,,,,0,0,0,0,0,0,0,0,,,,
128,test_data/data_demand_random_50_batch_all1_equal_random/RC101_0.5.dat,4,90,,,,0,0,0,0,0,0,0,0,,,,
129,test_data/data_demand_random_50_batch_all1_equal_random/RC101_0.5.dat,4,120,,678,,0,2,0,4,0,2,0,0,,,,"0:trucks=[0, 1],events=2 | 1:trucks=[0, 1],events=2"
130,test_data/data_demand_random_50_batch_all1_equal_random/RC101_0.5.dat,8,60,,,,0,0,0,0,0,0,0,0,,,,
131,test_data/data_demand_random_50_batch_all1_equal_random/RC101_0.5.dat,8,90,,,,0,0,0,0,0,0,0,0,,,,
132,test_data/data_demand_random_50_batch_all1_equal_random/RC101_0.5.dat,8,120,,665.355339059327,,0,2,0,3,0,1,0,0,,,,"0:trucks=[0, 1],events=2"
133,test_data/data_demand_random_50_batch_all1_equal_random/RC101_1.5.dat,4,60,,,,0,0,0,0,0,0,0,0,,,,
134,test_data/data_demand_random_50_batch_all1_equal_random/RC101_1.5.dat,4,90,,,,0,0,0,0,0,0,0,0,,,,
135,test_data/data_demand_random_50_batch_all1_equal_random/RC101_1.5.dat,4,120,985.05551275464,985.05551275464,0,3,3,4,4,1,1,0,0,,,"2:trucks=[0, 1],events=2","2:trucks=[0, 1],events=2"
136,test_data/data_demand_random_50_batch_all1_equal_random/RC101_1.5.dat,8,60,,,,0,0,0,0,0,0,0,0,,,,
137,test_data/data_demand_random_50_batch_all1_equal_random/RC101_1.5.dat,8,90,,,,0,0,0,0,0,0,0,0,,,,
138,test_data/data_demand_random_50_batch_all1_equal_random/RC101_1.5.dat,8,120,,,,0,0,0,0,0,0,0,0,,,,
139,test_data/data_demand_random_50_batch_all1_equal_random/RC101_1.dat,4,60,,,,0,0,0,0,0,0,0,0,,,,
140,test_data/data_demand_random_50_batch_all1_equal_random/RC101_1.dat,4,90,,,,0,0,0,0,0,0,0,0,,,,
141,test_data/data_demand_random_50_batch_all1_equal_random/RC101_1.dat,4,120,,829.805843601499,,0,3,0,4,0,1,0,0,,,,"0:trucks=[0, 1],events=2"
142,test_data/data_demand_random_50_batch_all1_equal_random/RC101_1.dat,8,60,,,,0,0,0,0,0,0,0,0,,,,
143,test_data/data_demand_random_50_batch_all1_equal_random/RC101_1.dat,8,90,,,,0,0,0,0,0,0,0,0,,,,
144,test_data/data_demand_random_50_batch_all1_equal_random/RC101_1.dat,8,120,,,,0,0,0,0,0,0,0,0,,,,
145,test_data/data_demand_random_50_batch_all1_equal_random/RC101_2.5.dat,4,60,,,,0,0,0,0,0,0,0,0,,,,
146,test_data/data_demand_random_50_batch_all1_equal_random/RC101_2.5.dat,4,90,,,,0,0,0,0,0,0,0,0,,,,
147,test_data/data_demand_random_50_batch_all1_equal_random/RC101_2.5.dat,4,120,,,,0,0,0,0,0,0,0,0,,,,
148,test_data/data_demand_random_50_batch_all1_equal_random/RC101_2.5.dat,8,60,,,,0,0,0,0,0,0,0,0,,,,
149,test_data/data_demand_random_50_batch_all1_equal_random/RC101_2.5.dat,8,90,,,,0,0,0,0,0,0,0,0,,,,
150,test_data/data_demand_random_50_batch_all1_equal_random/RC101_2.5.dat,8,120,,,,0,0,0,0,0,0,0,0,,,,
151,test_data/data_demand_random_50_batch_all1_equal_random/RC101_2.dat,4,60,,,,0,0,0,0,0,0,0,0,,,,
152,test_data/data_demand_random_50_batch_all1_equal_random/RC101_2.dat,4,90,,,,0,0,0,0,0,0,0,0,,,,
153,test_data/data_demand_random_50_batch_all1_equal_random/RC101_2.dat,4,120,,,,0,0,0,0,0,0,0,0,,,,
154,test_data/data_demand_random_50_batch_all1_equal_random/RC101_2.dat,8,60,,,,0,0,0,0,0,0,0,0,,,,
155,test_data/data_demand_random_50_batch_all1_equal_random/RC101_2.dat,8,90,,,,0,0,0,0,0,0,0,0,,,,
156,test_data/data_demand_random_50_batch_all1_equal_random/RC101_2.dat,8,120,,,,0,0,0,0,0,0,0,0,,,,
157,test_data/data_demand_random_50_batch_all1_equal_random/RC101_3.dat,4,60,,,,0,0,0,0,0,0,0,0,,,,
158,test_data/data_demand_random_50_batch_all1_equal_random/RC101_3.dat,4,90,,,,0,0,0,0,0,0,0,0,,,,
159,test_data/data_demand_random_50_batch_all1_equal_random/RC101_3.dat,4,120,,,,0,0,0,0,0,0,0,0,,,,
160,test_data/data_demand_random_50_batch_all1_equal_random/RC101_3.dat,8,60,,,,0,0,0,0,0,0,0,0,,,,
161,test_data/data_demand_random_50_batch_all1_equal_random/RC101_3.dat,8,90,,,,0,0,0,0,0,0,0,0,,,,
162,test_data/data_demand_random_50_batch_all1_equal_random/RC101_3.dat,8,120,,,,0,0,0,0,0,0,0,0,,,,
