instance,drone_capacity,theta,run,best_fitness,best_sol,best_multi_visit_fitness,best_multi_visit_sol,runtime_sec,status
test_data\data_demand_random\30\C201_0.5.dat,4,1,1,408.0,"[[[[0, [13, 26, 28, 23, 19, 18, 14, 30, 17, 16, 22]], [8, [8, 15, 12, 25, 27, 10]], [10, []], [25, []], [13, []], [14, []], [12, []], [16, []], [15, []], [19, []], [18, []], [17, []], [23, []], [26, []], [28, []], [30, []], [27, []], [22, []]], [[0, [5, 1, 4]], [5, []], [1, []], [3, [3]], [4, []], [7, [7, 6, 20, 24]], [2, [2]], [11, [11, 9, 21]], [9, []], [21, []], [20, []], [24, []], [6, []], [29, [29]]]], [[[8, [8, 15, 27]]], [[3, [3]]], [[8, [12, 25, 10]]], [[7, [7]]], [[7, [6, 20, 24]]], [[2, [2]]], [[11, [11]]], [[11, [9, 21]]], [[29, [29]]]]]",,None,397.235,OK
test_data\data_demand_random\30\C201_0.5.dat,4,1,2,422.0,"[[[[0, [2, 1, 5, 16, 7, 4, 13, 14, 22, 18]], [5, []], [2, []], [7, []], [3, [3, 12, 25, 15]], [4, []], [1, []], [12, [27, 17, 19]], [14, []], [16, []], [15, []], [19, []], [18, []], [17, []], [13, []], [25, []], [27, []], [22, []]], [[0, [9, 30, 28, 23, 26, 10, 21, 24]], [6, [6, 8, 20]], [28, []], [26, []], [23, []], [9, []], [11, [11]], [10, []], [8, []], [21, []], [30, []], [29, [29]], [24, []], [20, []]]], [[[6, [6, 8, 20]]], [[3, [3]]], [[3, [12, 25, 15]]], [[12, [17]]], [[12, [27, 19]]], [[11, [11]]], [[29, [29]]]]]",,None,239.331,OK
test_data\data_demand_random\30\C201_0.5.dat,4,1,3,429.0,"[[[[0, [4, 7, 1, 5, 28, 26, 13, 22]], [5, []], [4, []], [3, [3]], [7, []], [1, []], [2, [2]], [13, []], [25, [25, 27, 20, 23]], [23, []], [26, []], [28, []], [27, []], [22, []], [20, []]], [[0, [16, 14, 18, 30, 8, 21]], [24, [24, 10]], [6, [6, 19]], [29, [29]], [30, []], [17, [17, 15]], [18, []], [19, []], [15, []], [16, []], [14, []], [12, [12, 9]], [9, []], [11, [11]], [10, []], [8, []], [21, []]]], [[[24, [24, 10]]], [[3, [3]]], [[6, [6, 19]]], [[29, [29]]], [[2, [2]]], [[17, [17, 15]]], [[12, [12, 9]]], [[25, [25, 27, 20, 23]]], [[11, [11]]]]]",,None,332.898,OK
test_data\data_demand_random\30\C201_0.5.dat,4,1,4,413.0,"[[[[0, [30, 17, 23, 13, 28, 26, 18, 19, 14, 22, 21, 20]], [22, []], [27, [27, 15, 16]], [30, []], [28, []], [26, []], [23, []], [18, []], [17, []], [19, []], [15, []], [16, []], [14, []], [12, [12, 9]], [13, []], [9, []], [21, []], [20, []]], [[0, [5, 11]], [24, [24, 4, 1]], [29, [29]], [6, [6, 10]], [25, [25]], [11, []], [10, []], [2, [2, 7, 8]], [1, []], [7, []], [3, [3]], [4, []], [5, []], [8, []]]], [[[24, [1]]], [[24, [24, 4]]], [[29, [29]]], [[6, [6, 10]]], [[27, [27, 15, 16]]], [[12, [12, 9]]], [[25, [25]]], [[2, [2]]], [[2, [7, 8]]], [[3, [3]]]]]",,None,259.128,OK
test_data\data_demand_random\30\C201_0.5.dat,4,1,5,406.0,"[[[[0, [23, 26, 28, 30, 17, 18, 22, 19, 16, 12, 15, 27, 13, 14]], [21, [21, 9]], [9, []], [13, []], [14, []], [12, []], [16, []], [15, []], [19, []], [18, []], [17, []], [23, []], [26, []], [28, []], [30, []], [27, []], [22, []]], [[0, [5, 1]], [5, [10, 4]], [2, [2, 8, 7]], [1, []], [7, []], [3, [3]], [4, []], [11, [11]], [10, []], [8, []], [25, [25, 6]], [29, [29, 20, 24]], [6, []], [24, []], [20, []]]], [[[5, [10, 4]]], [[2, [8, 7]]], [[2, [2]]], [[3, [3]]], [[21, [21, 9]]], [[11, [11]]], [[25, [25, 6]]], [[29, [29]]], [[29, [20, 24]]]]]",,None,426.6,OK
test_data\data_demand_random\30\C201_0.5.dat,4,2,1,409.0,"[[[[0, [1, 2, 11, 5]], [5, [10, 3]], [4, [4, 24]], [3, []], [7, [7, 6, 21]], [1, []], [2, []], [10, []], [11, []], [9, [9]], [8, [8]], [21, []], [24, []], [6, []], [29, [29]]], [[0, [23, 26, 28, 14, 13, 18, 19, 22, 16, 30]], [22, []], [27, [27, 12, 15, 20]], [25, [25, 17]], [13, []], [14, []], [12, []], [16, []], [15, []], [19, []], [17, []], [18, []], [23, []], [26, []], [28, []], [30, []], [20, []]]], [[[5, [3]]], [[5, [10]]], [[4, [4, 24]]], [[27, [27, 12, 15, 20]]], [[7, [7, 6, 21]]], [[25, [25, 17]]], [[9, [9]]], [[8, [8]]], [[29, [29]]]]]",,None,398.5,OK
test_data\data_demand_random\30\C201_0.5.dat,4,2,2,409.0,"[[[[0, [2, 1, 5]], [2, []], [1, []], [7, [7, 4]], [3, [3, 8, 21]], [4, []], [5, []], [10, [10, 24]], [11, [11, 9, 6]], [9, []], [8, []], [21, []], [6, []], [29, [29]], [24, []]], [[0, [28, 26, 16, 14, 18, 19, 30, 23, 12, 17, 13, 22, 15, 25, 27, 20]], [22, []], [30, []], [28, []], [26, []], [23, []], [18, []], [19, []], [12, []], [14, []], [16, []], [15, []], [17, []], [13, []], [25, []], [27, []], [20, []]]], [[[7, [7, 4]]], [[3, [3]]], [[3, [8, 21]]], [[10, [10, 24]]], [[11, [11]]], [[11, [9, 6]]], [[29, [29]]]]]",,None,628.283,OK
test_data\data_demand_random\30\C201_0.5.dat,4,2,3,410.0,"[[[[0, [5, 2, 1, 13]], [5, []], [2, []], [7, [7, 4, 23]], [3, [3]], [4, []], [1, []], [17, [17, 6]], [13, []], [25, [25, 24]], [23, []], [6, []], [29, [29]], [24, []]], [[0, [19, 30, 28, 26, 18, 22, 9, 16, 15, 20, 14]], [22, []], [27, [27, 12, 10]], [30, []], [28, []], [26, []], [18, []], [19, []], [15, []], [16, []], [14, []], [12, []], [9, []], [11, [11]], [10, []], [8, [8, 21]], [21, []], [20, []]]], [[[7, [7, 4, 23]]], [[27, [27, 12, 10]]], [[3, [3]]], [[17, [17, 6]]], [[25, [25, 24]]], [[29, [29]]], [[11, [11]]], [[8, [8, 21]]]]]",462.0,"[[[[0, [5, 18, 23, 26, 28, 7, 22, 4]], [5, [1]], [2, [2, 24]], [1, []], [7, []], [4, []], [3, [3]], [18, []], [23, []], [26, []], [28, []], [27, [27, 20]], [24, []], [22, []], [20, []]], [[0, [30, 17, 14, 16, 13]], [6, [6, 25, 12, 15]], [29, [29]], [30, []], [25, []], [17, []], [19, [19]], [12, []], [14, []], [16, []], [15, []], [13, []], [9, [9, 21]], [11, [11]], [10, [10]], [8, [8]], [21, []]]], [[[5, [1]]], [[2, [2]]], [[2, [24]]], [[6, [6, 25, 12, 15]]], [[3, [3]]], [[29, [29]]], [[19, [19]]], [[9, [9, 21]]], [[11, [11]]], [[27, [27, 20]], [10, [10]]], [[8, [8]]]]]",728.738,OK
test_data\data_demand_random\30\C201_0.5.dat,4,2,4,409.0,"[[[[0, [19, 17, 26, 28, 30, 22, 20, 14, 18, 13, 23]], [8, [8, 25, 27]], [25, []], [13, []], [12, [12, 15, 16]], [14, []], [16, []], [15, []], [19, []], [17, []], [18, []], [23, []], [26, []], [28, []], [30, []], [27, []], [22, []], [20, []]], [[0, [5, 2, 1, 4, 10]], [2, []], [1, []], [7, [7, 21]], [3, [3]], [4, []], [5, []], [10, []], [11, [11, 6, 9]], [9, []], [21, []], [29, [29]], [6, []], [24, [24]]]], [[[8, [8, 25, 27]]], [[7, [7, 21]]], [[3, [3]]], [[12, [12, 15, 16]]], [[11, [11]]], [[11, [6, 9]]], [[29, [29]]], [[24, [24]]]]]",453.0,"[[[[0, [19, 14, 17, 18, 22, 11]], [8, [8, 25, 12, 16, 15, 27]], [10, [10]], [11, []], [12, []], [14, []], [16, []], [15, []], [19, []], [18, []], [17, []], [9, [9, 6]], [25, []], [22, []], [27, []], [6, []], [29, [29]], [24, [24]]], [[0, [2, 5, 28, 30, 4, 23, 13, 1, 21]], [5, []], [2, []], [7, [7]], [3, [3, 20, 26]], [4, []], [1, []], [13, []], [23, []], [26, []], [28, []], [30, []], [21, []], [20, []]]], [[[8, [12, 16, 15]]], [[8, [8, 25, 27]]], [[10, [10]], [7, [7]]], [[3, [3]]], [[3, [20, 26]]], [[9, [9, 6]]], [[29, [29]]], [[24, [24]]]]]",390.317,OK
test_data\data_demand_random\30\C201_0.5.dat,4,2,5,422.0,"[[[[0, [1, 7, 4, 30, 5, 21, 6]], [4, []], [3, [3]], [7, []], [1, []], [2, [2]], [5, []], [8, [8, 20]], [21, []], [30, []], [6, []], [20, []]], [[0, [16, 19, 10, 13, 26, 28, 23, 18, 22, 14]], [10, []], [11, [11, 27, 17]], [9, [9, 25]], [13, []], [12, [12, 15, 24]], [14, []], [16, []], [15, []], [19, []], [18, []], [17, []], [25, []], [23, []], [26, []], [28, []], [29, [29]], [24, []], [27, []], [22, []]]], [[[11, [11]]], [[11, [27, 17]]], [[9, [9, 25]]], [[3, [3]]], [[12, [12, 15, 24]]], [[29, [29]]], [[2, [2]]], [[8, [8, 20]]]]]",,None,461.448,OK
test_data\data_demand_random\30\C201_0.5.dat,4,3,1,418.0,"[[[[0, [15, 17, 18, 19, 14, 23, 26, 28, 30, 13, 22]], [20, [20, 21, 16]], [21, []], [13, []], [17, [12, 27]], [14, []], [12, []], [16, []], [15, []], [19, []], [18, []], [23, []], [26, []], [28, []], [30, []], [27, []], [22, []]], [[0, [1, 5]], [5, []], [2, [2, 4, 10]], [1, []], [7, [7, 8]], [3, [3]], [4, []], [10, []], [8, []], [11, [11]], [9, [9, 6]], [25, [25, 24]], [29, [29]], [6, []], [24, []]]], [[[2, [2]]], [[2, [4, 10]]], [[7, [7, 8]]], [[20, [20, 21, 16]]], [[3, [3]]], [[17, [12, 27]]], [[11, [11]]], [[9, [9, 6]]], [[25, [25, 24]]], [[29, [29]]]]]",452.7630546142402,"[[[[0, [30, 1, 13, 7, 5, 4]], [27, [27]], [30, []], [25, [25, 17]], [17, []], [13, []], [1, []], [7, []], [4, []], [3, [3]], [2, [2]], [5, []]], [[0, [14, 16, 18, 23, 26, 28, 19, 22, 24]], [10, [10]], [11, [11]], [9, [9, 12]], [12, []], [14, []], [16, []], [15, [15, 6, 20]], [19, []], [18, []], [23, []], [26, []], [28, []], [6, []], [29, [29, 21, 8]], [24, []], [20, []], [22, []], [21, []], [8, []]]], [[[27, [27]], [10, [10]]], [[11, [11]]], [[9, [9, 12]]], [[25, [25, 17]]], [[15, [15, 6, 20]]], [[29, [29]]], [[3, [3]]], [[29, [21, 8]]], [[2, [2]]]]]",809.586,OK
test_data\data_demand_random\30\C201_0.5.dat,4,3,2,411.0,"[[[[0, [19, 14, 23, 28, 16, 26, 30, 17, 18, 9, 15, 12, 13]], [8, [8, 20, 21]], [9, []], [13, []], [12, []], [14, []], [16, []], [15, []], [19, []], [18, []], [17, []], [23, []], [26, []], [28, []], [30, []], [21, []], [20, []]], [[0, [5, 7, 10, 4, 11, 22]], [5, [1]], [4, []], [3, [3, 6]], [7, []], [1, []], [2, [2]], [11, []], [10, []], [25, [25, 27, 24]], [27, []], [29, [29]], [6, []], [24, []], [22, []]]], [[[5, [1]]], [[8, [8, 20, 21]]], [[3, [3]]], [[3, [6]]], [[2, [2]]], [[25, [25, 27, 24]]], [[29, [29]]]]]",,None,774.7,OK
test_data\data_demand_random\30\C201_0.5.dat,4,3,3,404.0,"[[[[0, [13, 16, 19, 17, 23, 14, 18, 26, 30, 28, 22, 9]], [21, [21, 12, 15, 27, 20]], [9, []], [13, []], [12, []], [14, []], [16, []], [15, []], [19, []], [17, []], [18, []], [23, []], [26, []], [28, []], [30, []], [27, []], [22, []], [20, []]], [[0, [5, 1]], [5, []], [2, [2, 4, 7]], [1, []], [3, [3]], [4, []], [7, []], [11, [11, 24, 10]], [10, []], [8, [8, 25, 6]], [25, []], [29, [29]], [6, []], [24, []]]], [[[21, [21]]], [[2, [4, 7]]], [[2, [2]]], [[3, [3]]], [[21, [12, 15, 27, 20]]], [[11, [11]]], [[11, [24, 10]]], [[8, [8, 25, 6]]], [[29, [29]]]]]",469.6619037896906,"[[[[0, [14, 16, 13, 18, 23, 26, 28, 30]], [20, [20, 17]], [9, [9, 12]], [14, []], [16, []], [12, []], [13, []], [17, []], [18, []], [23, []], [26, []], [28, []], [6, [6]], [30, []], [29, [29]]], [[0, [22, 11, 1, 5, 4]], [22, []], [21, [21, 8]], [8, []], [11, []], [2, [2]], [1, []], [7, [7, 10]], [3, [3, 15, 27, 24]], [4, []], [5, []], [10, []], [25, [25, 19]], [15, []], [19, []], [27, []], [24, []]]], [[[20, [20, 17]]], [[21, [21, 8]]], [[2, [2]]], [[7, [7, 10]]], [[9, [9, 12]]], [[3, [3]]], [[3, [15, 27, 24]]], [[6, [6]], [25, [25, 19]]], [[29, [29]]]]]",864.57,OK
test_data\data_demand_random\30\C201_0.5.dat,4,3,4,413.0,"[[[[0, [13, 18, 23, 26, 28, 30, 19, 22, 15, 17, 14]], [20, [20, 25, 27, 24, 16]], [22, []], [9, [9, 12]], [12, []], [14, []], [16, []], [15, []], [19, []], [18, []], [17, []], [13, []], [25, []], [23, []], [26, []], [28, []], [30, []], [27, []], [24, []]], [[0, [5, 2, 1]], [10, [10, 4]], [5, []], [2, []], [1, []], [4, []], [3, [3]], [7, [7]], [11, [11]], [8, [8, 6, 21]], [21, []], [6, []], [29, [29]]]], [[[10, [10, 4]]], [[20, [20, 16]]], [[20, [25, 27, 24]]], [[9, [9, 12]]], [[3, [3]]], [[7, [7]]], [[11, [11]]], [[8, [8, 6, 21]]], [[29, [29]]]]]",453.0,"[[[[0, [11, 1, 5]], [21, [21]], [24, [24, 4]], [8, [8]], [11, []], [5, []], [4, []], [3, [3, 10, 7]], [7, []], [1, []], [2, [2]], [9, [9]], [10, []]], [[0, [22, 17, 26, 28, 30, 16, 13, 23, 18, 14, 15]], [22, [25, 19, 27, 6, 20, 12]], [27, []], [30, []], [25, []], [13, []], [17, []], [15, []], [16, []], [12, []], [14, []], [19, []], [18, []], [23, []], [26, []], [28, []], [6, []], [29, [29]], [20, []]]], [[[21, [21]]], [[22, [19]]], [[22, [12]], [24, [24, 4]]], [[22, [25, 27, 6, 20]]], [[29, [29]]], [[8, [8]]], [[3, [3]]], [[3, [10, 7]]], [[2, [2]]], [[9, [9]]]]]",929.36,OK
test_data\data_demand_random\30\C201_0.5.dat,4,3,5,401.0,"[[[[0, [5, 13, 1, 2]], [5, []], [2, []], [7, [7, 4]], [3, [3]], [4, []], [1, []], [13, []], [17, [17, 25]], [25, []], [27, [27, 6, 20]], [29, [29, 24]], [6, []], [24, []], [20, []]], [[0, [11, 16, 18, 23, 26, 28, 14, 19, 30, 10, 22]], [8, [8, 15, 21]], [10, []], [11, []], [9, [9, 12]], [12, []], [14, []], [16, []], [15, []], [19, []], [18, []], [23, []], [26, []], [28, []], [30, []], [21, []], [22, []]]], [[[7, [7, 4]]], [[8, [8, 15, 21]]], [[3, [3]]], [[9, [9, 12]]], [[17, [17, 25]]], [[27, [27, 6, 20]]], [[29, [29]]], [[29, [24]]]]]",420.0,"[[[[0, [22, 5, 1]], [5, [3]], [1, []], [3, []], [4, [4]], [7, [7, 21]], [2, [2]], [11, [11]], [8, [8, 6, 27]], [21, []], [22, []], [27, []], [6, []], [29, [29]], [24, [24]]], [[0, [19, 18, 23, 26, 28, 16, 14, 13, 30, 9, 17]], [10, [10, 25, 12, 15, 20]], [9, []], [25, []], [13, []], [12, []], [14, []], [16, []], [15, []], [19, []], [17, []], [18, []], [23, []], [26, []], [28, []], [30, []], [20, []]]], [[[5, [3]]], [[10, [10]], [4, [4]]], [[10, [25, 12, 15, 20]]], [[7, [7, 21]]], [[2, [2]]], [[11, [11]]], [[8, [8, 6, 27]]], [[29, [29]]], [[24, [24]]]]]",727.104,OK
test_data\data_demand_random\30\C201_0.5.dat,8,1,1,379.0,"[[[[0, [1]], [2, [2, 26, 23]], [1, []], [7, [7, 3, 4]], [3, []], [4, []], [23, []], [26, []], [28, [28, 6, 20]], [6, []], [20, []]], [[0, []], [5, [5, 16]], [21, [21, 11]], [8, [8, 15, 18, 14, 27, 10]], [10, []], [11, []], [9, [9, 19, 12, 22, 13]], [12, []], [14, []], [16, []], [15, []], [19, []], [18, []], [17, [17, 30, 24, 25, 29]], [13, []], [25, []], [30, []], [29, []], [27, []], [22, []], [24, []]]], [[[5, [5, 16]]], [[2, [2, 26, 23]]], [[21, [21, 11]]], [[7, [7, 3, 4]]], [[8, [18, 27, 10]]], [[8, [8, 15, 14]]], [[9, [13]]], [[9, [22]]], [[9, [9, 19, 12]]], [[28, [28, 6, 20]]], [[17, [30, 24]]], [[17, [17, 25, 29]]]]]",,None,424.328,OK
test_data\data_demand_random\30\C201_0.5.dat,8,1,2,382.6155281280883,"[[[[0, []], [5, [5, 26]], [2, [2, 19, 11, 10, 16, 23]], [10, []], [11, []], [9, [9, 18, 14, 20]], [12, [12, 15, 6, 28]], [14, []], [16, []], [15, []], [19, []], [18, []], [23, []], [26, []], [28, []], [6, []], [29, [29]], [20, []]], [[0, [13, 1]], [7, [7, 4, 3]], [4, []], [3, []], [1, []], [17, [17, 21, 24]], [13, []], [25, [25, 30, 8]], [30, []], [27, [27, 22]], [24, []], [22, []], [21, []], [8, []]]], [[[5, [5, 26]]], [[2, [2, 11]]], [[2, [19, 10, 16, 23]]], [[7, [7, 4, 3]]], [[9, [14, 20]]], [[9, [9, 18]]], [[12, [12, 15, 6, 28]]], [[29, [29]]], [[17, [17, 21, 24]]], [[25, [25, 30, 8]]], [[27, [27, 22]]]]]",,None,270.159,OK
test_data\data_demand_random\30\C201_0.5.dat,8,1,3,382.0,"[[[[0, [1]], [5, [5, 4]], [2, [2]], [7, [7, 3]], [3, []], [4, []], [1, []], [12, [12, 15, 13, 16, 14, 10]], [14, []], [16, []], [15, []], [13, []], [9, [9, 8, 21]], [10, []], [8, []], [21, []]], [[0, []], [11, [11, 19]], [19, []], [18, [18, 26]], [17, [17, 6, 29]], [25, [25, 28, 23]], [23, []], [26, []], [28, []], [6, []], [29, []], [30, [30, 27, 20]], [27, []], [24, [24, 22]], [22, []], [20, []]]], [[[5, [5, 4]]], [[2, [2]]], [[11, [11, 19]]], [[7, [7, 3]]], [[18, [18, 26]]], [[17, [17, 6, 29]]], [[25, [25, 28, 23]]], [[12, [15, 13, 16]]], [[12, [12, 14, 10]]], [[9, [9, 8, 21]]], [[30, [30, 27, 20]]], [[24, [24, 22]]]]]",399.84851236230736,"[[[[0, [1]], [2, [2]], [1, []], [7, [7, 28, 23]], [3, [3, 4, 26]], [4, []], [23, []], [26, []], [28, []], [30, [30, 27, 8]], [27, []], [24, [24, 21, 22]], [22, []], [21, []], [8, []]], [[0, []], [5, [5, 16, 29]], [11, [11]], [10, [10, 18]], [12, [12, 14, 15, 20]], [14, []], [16, []], [15, []], [19, [19, 6, 13, 9, 25, 17]], [17, []], [18, []], [13, []], [9, []], [25, []], [29, []], [6, []], [20, []]]], [[[2, [2]], [5, [29]]], [[5, [5, 16]]], [[11, [11]]], [[10, [10, 18]]], [[7, [7, 28, 23]]], [[3, [3, 4, 26]]], [[12, [12, 14, 15, 20]]], [[19, [19, 13]]], [[19, [6, 9, 25, 17]]], [[30, [30, 27, 8]]], [[24, [24, 22]]], [[24, [21]]]]]",446.44,OK
test_data\data_demand_random\30\C201_0.5.dat,8,1,4,369.0,"[[[[0, []], [5, [5, 23]], [10, [10, 11]], [11, []], [21, [21, 22]], [22, []], [30, [30, 27, 24]], [25, [25, 20, 6, 29]], [23, [26, 28]], [26, []], [28, []], [6, []], [29, []], [27, []], [24, []], [20, []]], [[0, [1]], [2, [2, 16]], [3, [3, 4, 19]], [4, []], [7, [7, 14]], [1, []], [12, [12, 18, 15]], [14, []], [16, []], [15, []], [19, []], [18, []], [17, [17, 13, 9, 8]], [13, []], [9, []], [8, []]]], [[[2, [2, 16]]], [[5, [5, 23]]], [[10, [10, 11]]], [[3, [3, 4, 19]]], [[21, [21, 22]]], [[7, [7, 14]]], [[30, [30, 27, 24]]], [[25, [25, 20, 6, 29]]], [[23, [26, 28]]], [[12, [12, 18, 15]]], [[17, [17, 13]]], [[17, [9, 8]]]]]",,None,413.04,OK
test_data\data_demand_random\30\C201_0.5.dat,8,1,5,384.43002431638314,"[[[[0, []], [5, [5, 11, 23]], [11, []], [10, [10, 29]], [8, [8, 17, 6, 20]], [30, [30, 27, 26, 25, 18, 28, 24]], [25, []], [17, []], [18, []], [23, []], [26, []], [28, []], [6, []], [29, []], [27, []], [24, []], [20, []]], [[0, [1]], [2, [2, 4]], [7, [7, 3, 16]], [4, []], [3, []], [1, []], [12, [12, 14, 21, 15]], [14, [19, 13]], [16, []], [19, []], [15, []], [13, []], [9, [9, 22]], [21, []], [22, []]]], [[[5, [11, 23]]], [[2, [2, 4]]], [[5, [5]]], [[7, [7, 3, 16]]], [[10, [10, 29]]], [[8, [8, 17, 6, 20]]], [[30, [26, 18]]], [[30, [28, 24]]], [[30, [30, 27, 25]]], [[12, [12, 14, 21, 15]]], [[14, [19, 13]]], [[9, [9, 22]]]]]",,None,316.305,OK
test_data\data_demand_random\30\C201_0.5.dat,8,2,1,373.0,"[[[[0, [1]], [2, [2, 26, 23]], [1, []], [7, [7, 3, 4]], [3, []], [4, []], [25, [25, 28, 21]], [23, []], [26, []], [28, []], [30, [30, 27]], [27, []], [22, [22]], [21, []]], [[0, [13]], [5, [5, 16, 29, 11]], [11, []], [8, [8, 10, 19]], [10, []], [9, [9, 15, 12, 14, 6, 20, 24]], [13, []], [14, []], [12, []], [16, []], [15, []], [19, []], [18, [18]], [17, [17]], [6, []], [29, []], [24, []], [20, []]]], [[[2, [2, 26, 23]]], [[5, [29, 11]]], [[5, [5, 16]]], [[8, [8, 10, 19]]], [[7, [7, 3, 4]]], [[9, [15, 14, 24]]], [[9, [9, 12, 6, 20]]], [[18, [18]]], [[17, [17]]], [[25, [25, 28, 21]]], [[30, [30, 27]]], [[22, [22]]]]]",436.9123746052316,"[[[[0, [26]], [29, [29, 16, 23]], [21, [21, 8]], [8, [12, 15, 25, 13, 9, 24]], [9, []], [25, []], [13, []], [17, [17, 14]], [16, []], [12, []], [14, []], [15, []], [19, [19, 18]], [18, []], [23, []], [26, []], [28, [28, 20]], [30, [30, 27]], [27, []], [24, []], [20, []]], [[0, [1]], [5, [5]], [10, [10, 2, 4]], [11, [11, 3]], [22, [22]], [6, [6, 7]], [2, []], [1, []], [7, []], [3, []], [4, []]]], [[[29, [29, 16, 23]]], [[5, [5]]], [[10, [10, 2, 4]]], [[11, [11, 3]]], [[21, [21, 8]], [22, [22]]], [[8, [9, 24]]], [[8, [12, 15, 25, 13]]], [[6, [6, 7]]], [[17, [17, 14]]], [[19, [19, 18]]], [[28, [28, 20]]], [[30, [30, 27]]]]]",953.892,OK
test_data\data_demand_random\30\C201_0.5.dat,8,2,2,375.40699673696577,"[[[[0, [26, 16, 13]], [5, [5, 19]], [8, [8, 23, 15, 14, 17]], [25, [25, 12, 24, 18, 28]], [13, []], [12, []], [14, []], [16, []], [15, []], [19, []], [17, []], [18, []], [23, []], [26, []], [28, []], [24, []]], [[0, [1]], [2, [2, 3, 4, 11]], [1, []], [7, [7, 10, 29]], [3, []], [4, []], [10, []], [11, []], [9, [9, 21, 6, 27, 20]], [21, []], [30, [30]], [6, []], [29, []], [27, []], [22, [22]], [20, []]]], [[[5, [5, 19]]], [[2, [2, 11]]], [[2, [3, 4]]], [[7, [7, 10, 29]]], [[8, [23, 17]]], [[8, [8, 15, 14]]], [[25, [12, 24, 18]]], [[25, [25, 28]]], [[9, [9, 21, 6, 27, 20]]], [[30, [30]]], [[22, [22]]]]]",425.309803923721,"[[[[0, [26, 23]], [5, [5, 16]], [2, [2, 11]], [11, [18, 20]], [9, [9, 19]], [12, [12, 14]], [16, []], [14, []], [15, [15, 28, 6]], [19, []], [17, [17, 29]], [18, []], [23, []], [26, []], [28, []], [6, []], [29, []], [27, [27, 22]], [22, []], [20, []]], [[0, [1, 13]], [3, [3, 4]], [4, []], [7, [7]], [1, []], [13, []], [25, [25, 8, 30]], [21, [21, 10, 24]], [10, []], [8, []], [24, []], [30, []]]], [[[5, [5, 16]]], [[3, [3, 4]]], [[2, [2, 11]]], [[11, [18, 20]], [7, [7]]], [[9, [9, 19]]], [[12, [12, 14]]], [[15, [15, 28, 6]]], [[17, [17, 29]]], [[25, [25, 8, 30]]], [[21, [21, 10, 24]]], [[27, [27, 22]]]]]",703.432,OK
test_data\data_demand_random\30\C201_0.5.dat,8,2,3,387.13274595042157,"[[[[0, []], [5, [5, 16]], [2, [2, 1, 4, 13]], [3, [3, 19]], [4, []], [7, [7, 14, 15]], [1, []], [12, [12, 18, 10]], [14, []], [16, []], [15, []], [19, []], [18, []], [17, [17, 9, 8]], [13, []], [9, []], [11, [11]], [10, []], [8, []]], [[0, [23, 26]], [23, []], [26, []], [28, [28, 6, 24]], [6, [30, 27, 21, 20]], [29, [29]], [30, []], [25, [25, 22]], [27, []], [24, []], [22, []], [21, []], [20, []]]], [[[5, [5, 16]]], [[2, [4, 13]]], [[2, [2, 1]]], [[3, [3, 19]]], [[7, [7, 14, 15]]], [[28, [28, 6, 24]]], [[12, [12, 18, 10]]], [[6, [30, 27, 21, 20]]], [[29, [29]]], [[25, [25, 22]]], [[17, [17, 9, 8]]], [[11, [11]]]]]",,None,898.195,OK
test_data\data_demand_random\30\C201_0.5.dat,8,2,4,377.13274595042157,"[[[[0, []], [11, [11, 2]], [2, []], [10, [10, 23, 26]], [25, [25, 30, 20]], [23, []], [26, [6, 8, 21, 29, 28, 24]], [28, []], [30, []], [29, []], [6, []], [24, []], [20, []], [21, []], [8, []]], [[0, [1]], [5, [5, 16, 19, 4, 3]], [4, []], [3, []], [7, [7, 15, 18]], [1, []], [12, [12, 14]], [14, []], [16, []], [15, []], [19, []], [18, []], [17, [17, 9, 27, 13]], [13, []], [9, []], [27, []], [22, [22]]]], [[[11, [11, 2]]], [[5, [19, 4, 3]]], [[5, [5, 16]]], [[10, [10, 23, 26]]], [[7, [7, 15, 18]]], [[25, [25, 30, 20]]], [[26, [28, 24]]], [[26, [6, 8, 21, 29]]], [[12, [12, 14]]], [[17, [13]]], [[17, [17, 9, 27]]], [[22, [22]]]]]",,None,1344.004,OK
test_data\data_demand_random\30\C201_0.5.dat,8,2,5,380.66943879964435,"[[[[0, []], [5, [5, 2, 23, 26, 10, 11, 3, 4]], [2, []], [1, [1, 7]], [7, []], [3, []], [4, []], [10, []], [11, []], [25, [25, 28, 21]], [23, []], [26, []], [28, []], [30, [30]], [21, []]], [[0, [29, 16]], [8, [8, 18, 19, 14, 15]], [9, [9, 6, 27, 20, 24]], [13, [13, 12, 17, 22]], [14, []], [12, []], [16, []], [15, []], [19, []], [18, []], [17, []], [6, []], [29, []], [27, []], [24, []], [22, []], [20, []]]], [[[5, [23, 26, 11]]], [[5, [5, 10, 4]]], [[5, [2, 3]]], [[1, [1, 7]]], [[8, [19, 14]]], [[8, [8, 18, 15]]], [[9, [9, 6, 27, 20, 24]]], [[13, [13, 17]]], [[13, [12, 22]]], [[25, [25, 28, 21]]], [[30, [30]]]]]",397.4106697730026,"[[[[0, []], [2, [2, 1]], [1, []], [7, [7, 3, 4, 23]], [3, []], [4, []], [25, [25, 20, 21, 6, 24]], [23, []], [6, [29]], [29, []], [27, [27]], [21, []], [24, []], [20, []]], [[0, [13, 26]], [5, [5, 16]], [10, [10, 11]], [11, []], [8, [8, 14, 15, 17, 19]], [9, [9, 18, 12, 22]], [12, []], [14, []], [16, []], [15, []], [13, []], [17, []], [18, []], [19, []], [26, []], [28, [28]], [30, [30]], [22, []]]], [[[2, [2, 1]]], [[5, [5, 16]]], [[10, [10, 11]]], [[7, [7, 3, 4, 23]]], [[8, [8, 14]]], [[8, [15, 17, 19]]], [[9, [9, 18]]], [[9, [12, 22]]], [[28, [28]]], [[25, [25, 20, 21, 6, 24]]], [[6, [29]]], [[27, [27]], [30, [30]]]]]",551.629,OK
test_data\data_demand_random\30\C201_0.5.dat,8,3,1,386.298221281347,"[[[[0, []], [22, [22, 16, 19, 29]], [29, []], [6, [6, 18, 15]], [27, [27, 12, 14, 21]], [17, [17, 13]], [18, []], [19, []], [15, []], [16, []], [12, []], [14, []], [13, []], [9, [9, 8]], [8, []], [21, []]], [[0, [1]], [4, [4, 3, 24]], [3, []], [7, [7, 2]], [1, []], [2, []], [5, [5, 26, 10, 23, 11]], [10, []], [11, []], [25, [25, 28]], [23, []], [26, []], [28, []], [30, [30, 20]], [24, []], [20, []]]], [[[22, [22, 19]]], [[22, [16, 29]]], [[4, [4, 3, 24]]], [[7, [7, 2]]], [[6, [6, 18, 15]]], [[27, [27, 12, 14, 21]]], [[5, [5, 26]]], [[5, [10, 23, 11]]], [[17, [17, 13]]], [[9, [9, 8]]], [[25, [25, 28]]], [[30, [30, 20]]]]]",,None,1016.192,OK
test_data\data_demand_random\30\C201_0.5.dat,8,3,2,377.0,"[[[[0, [23, 26]], [5, [5, 10]], [10, []], [8, [8, 21, 13]], [21, [6, 25, 17, 28, 27, 22]], [25, []], [13, []], [17, []], [23, []], [26, []], [28, []], [6, []], [27, []], [22, []]], [[0, [1]], [4, [4, 3, 24]], [3, []], [7, [7, 16, 2]], [1, []], [2, []], [11, [11, 18, 29, 20]], [9, [9, 12, 15]], [12, []], [14, [14, 19, 30]], [16, []], [15, []], [19, []], [18, []], [30, []], [29, []], [24, []], [20, []]]], [[[5, [5, 10]]], [[4, [4, 3, 24]]], [[7, [7, 16, 2]]], [[8, [8, 21, 13]]], [[21, [17, 28]]], [[21, [6, 25, 27, 22]]], [[11, [11, 29]]], [[11, [18, 20]]], [[9, [9, 12, 15]]], [[14, [14, 19]]], [[14, [30]]]]]",394.13274595042157,"[[[[0, []], [5, [5, 26, 13]], [2, [2, 11]], [10, [10, 16, 19, 23]], [11, []], [9, [9, 20]], [25, [25, 12, 15, 14]], [13, []], [14, []], [12, []], [16, []], [15, []], [19, []], [17, [17, 18, 28]], [18, []], [23, []], [26, []], [28, []], [20, []]], [[0, [1]], [1, []], [7, [7, 4, 3]], [4, []], [3, []], [8, [8, 21]], [21, [24, 22, 27]], [22, []], [30, [30, 6]], [27, []], [6, []], [29, [29]], [24, []]]], [[[5, [26, 13]]], [[5, [5]]], [[2, [2, 11]]], [[10, [10, 16, 19, 23]]], [[7, [7, 4, 3]]], [[9, [9, 20]]], [[25, [25, 12, 15, 14]]], [[8, [8, 21]], [17, [18]]], [[21, [24, 22, 27]]], [[17, [17, 28]]], [[30, [30, 6]]], [[29, [29]]]]]",1023.6,OK
test_data\data_demand_random\30\C201_0.5.dat,8,3,3,373.0,"[[[[0, []], [5, [5, 13, 10]], [8, [8, 11, 19, 25, 29]], [10, []], [11, []], [9, [9, 12, 17, 6]], [12, []], [14, [14, 16, 15, 18, 24]], [16, []], [15, []], [19, []], [18, []], [17, []], [13, []], [25, []], [29, []], [6, []], [24, []]], [[0, [1]], [2, [2, 23, 26]], [1, []], [7, [7, 4, 3]], [3, []], [4, []], [23, []], [26, []], [28, [28, 21, 20]], [30, [30]], [27, [27, 22]], [22, []], [21, []], [20, []]]], [[[2, [2, 23, 26]]], [[5, [13]]], [[5, [5, 10]]], [[7, [7, 4, 3]]], [[8, [19, 25, 29]]], [[8, [8, 11]]], [[9, [9, 12, 17, 6]]], [[14, [15, 18, 24]]], [[14, [14, 16]]], [[28, [28, 21, 20]]], [[30, [30]]], [[27, [27, 22]]]]]",413.77032961426903,"[[[[0, [26, 1]], [5, [5]], [2, [2]], [7, [7, 3, 4]], [3, []], [4, []], [1, []], [9, [9, 6, 29]], [26, []], [28, [28, 20]], [6, []], [29, []], [20, []]], [[0, []], [11, [11]], [10, [10, 16, 23]], [23, []], [18, [18, 19]], [17, [17, 14]], [14, []], [12, [12, 15, 21, 13]], [16, []], [15, []], [19, [30, 8, 27]], [13, []], [25, [25, 22, 24]], [30, []], [21, []], [8, []], [22, []], [24, []], [27, []]]], [[[5, [5]]], [[11, [11]], [2, [2]]], [[10, [10, 16, 23]]], [[7, [7, 3, 4]]], [[18, [18, 19]]], [[17, [17, 14]]], [[12, [12, 15, 21, 13]]], [[19, [30, 8, 27]]], [[9, [9, 6, 29]]], [[25, [25, 22, 24]]], [[28, [28, 20]]]]]",1553.284,OK
test_data\data_demand_random\30\C201_0.5.dat,8,3,4,374.6619037896906,"[[[[0, [1]], [1, []], [7, [7, 4, 3]], [4, []], [3, []], [2, [2, 29]], [9, [9, 24]], [21, [21, 30, 27, 6]], [30, []], [27, []], [6, []], [29, []], [24, []]], [[0, [13, 16]], [5, [5, 19, 26, 10, 11, 23]], [11, []], [10, []], [8, [8, 28, 20, 22]], [25, [25, 12, 15, 14, 17, 18]], [13, []], [14, []], [12, []], [16, []], [15, []], [19, []], [18, []], [17, []], [23, []], [26, []], [28, []], [22, []], [20, []]]], [[[5, [11, 23]]], [[5, [19, 10]]], [[5, [5, 26]]], [[8, [28, 20]]], [[7, [7, 4, 3]]], [[8, [8, 22]]], [[25, [17, 18]]], [[25, [25, 12, 15, 14]]], [[2, [2, 29]]], [[9, [9, 24]]], [[21, [21, 30, 27, 6]]]]]",414.8779888505745,"[[[[0, []], [2, [2]], [10, [10, 13]], [13, []], [17, [17, 19, 23]], [19, []], [18, [18, 26]], [23, []], [26, []], [28, [28, 24, 20]], [6, [6, 27]], [24, []], [27, []], [20, []], [22, [22]]], [[0, [1]], [5, [5, 29, 16, 3]], [4, [4, 7, 11, 14]], [3, []], [7, []], [1, []], [11, []], [9, [9, 12, 15, 21, 8]], [12, []], [16, []], [14, []], [15, []], [25, [25, 30]], [29, []], [30, []], [21, []], [8, []]]], [[[5, [3]], [2, [2]]], [[5, [29]]], [[5, [5, 16]]], [[4, [14]]], [[4, [4, 7, 11]]], [[10, [10, 13]]], [[17, [17, 19, 23]]], [[9, [9, 12, 15, 21, 8]]], [[18, [18, 26]]], [[28, [28, 24, 20]]], [[25, [25, 30]]], [[6, [6, 27]]], [[22, [22]]]]]",1375.584,OK
test_data\data_demand_random\30\C201_0.5.dat,8,3,5,377.17273999499054,"[[[[0, [23]], [29, [29, 26]], [6, [6, 24, 22]], [30, [30, 27, 20, 21, 25, 28]], [28, []], [26, []], [23, []], [25, []], [27, []], [24, []], [22, []], [20, []], [21, []]], [[0, [1]], [5, [5, 19, 16, 4, 2]], [2, []], [7, [7, 14]], [4, []], [3, [3, 11]], [1, []], [12, [12, 9, 17, 15]], [14, []], [16, []], [15, []], [19, []], [18, [18, 10, 8, 13]], [17, []], [13, []], [9, []], [11, []], [10, []], [8, []]]], [[[5, [19, 4, 2]]], [[5, [5, 16]]], [[29, [29, 26]]], [[7, [7, 14]]], [[6, [6, 24, 22]]], [[3, [3, 11]]], [[30, [30, 27, 20, 21]]], [[30, [25, 28]]], [[12, [12, 9, 17, 15]]], [[18, [18, 10]]], [[18, [8, 13]]]]]",444.1049731745428,"[[[[0, [16]], [29, [29, 19, 23]], [24, [24]], [22, [22, 26]], [21, [21, 28, 10]], [28, [20, 12, 14, 18]], [26, []], [23, []], [18, []], [19, []], [16, []], [12, []], [14, []], [9, [9, 11]], [11, []], [10, []], [8, [8, 30]], [30, []], [20, []]], [[0, [1, 13, 2, 3]], [5, [5]], [2, []], [3, []], [4, [4, 7]], [7, []], [1, []], [13, []], [15, [15, 17, 27, 6]], [17, []], [25, [25]], [27, []], [6, []]]], [[[29, [29, 19, 23]]], [[24, [24]], [5, [5]]], [[22, [22, 26]]], [[21, [21, 28, 10]]], [[28, [18]]], [[4, [4, 7]]], [[28, [20, 12, 14]]], [[15, [15, 17, 27, 6]]], [[25, [25]]], [[9, [9, 11]]], [[8, [8, 30]]]]]",1386.351,OK
test_data\data_demand_random\30\C201_3.dat,4,1,1,805.0,"[[[[0, [19, 23, 16, 13, 1]], [2, [2]], [1, []], [11, [11]], [10, [10]], [19, []], [18, [18, 29]], [23, []], [26, [26]], [28, [28, 14]], [6, [6, 17, 15]], [29, []], [24, [24]], [13, []], [14, []], [12, [12]], [16, []], [15, []], [17, []], [25, [25]], [8, [8]], [20, [20]]], [[0, [7, 27, 3, 21, 5]], [5, []], [4, [30, 4]], [3, []], [7, []], [9, [9, 22]], [21, []], [30, []], [27, []], [22, []]]], [[[2, [2]]], [[11, [11]]], [[10, [10]]], [[18, [18, 29]]], [[26, [26]]], [[28, [28, 14]]], [[6, [17, 15]]], [[6, [6]]], [[24, [24]]], [[4, [30, 4]]], [[9, [9, 22]]], [[12, [12]]], [[25, [25]]], [[8, [8]]], [[20, [20]]]]]",,None,296.879,OK
test_data\data_demand_random\30\C201_3.dat,4,1,2,793.0,"[[[[0, [5, 7, 27, 9, 2]], [5, []], [2, []], [7, []], [9, []], [8, [8]], [21, [21, 24]], [27, []], [24, []]], [[0, [23, 3, 19, 16, 1]], [4, [4, 13, 11]], [3, []], [1, []], [11, []], [10, [10]], [23, []], [26, [26, 22, 14]], [28, [28, 18]], [6, [6, 17]], [29, [29]], [17, []], [18, []], [19, []], [15, [15, 30]], [16, []], [12, [12]], [14, []], [13, []], [25, [25]], [30, []], [22, []], [20, [20]]]], [[[4, [11]]], [[4, [4, 13]]], [[10, [10]]], [[26, [26]]], [[26, [22, 14]]], [[28, [28, 18]]], [[6, [6, 17]]], [[29, [29]]], [[15, [15, 30]]], [[12, [12]]], [[25, [25]]], [[8, [8]]], [[21, [21, 24]]], [[20, [20]]]]]",796.0,"[[[[0, [5, 7, 27, 9, 2]], [5, []], [2, []], [7, []], [9, []], [8, [8]], [21, [21]], [27, []]], [[0, [23, 3, 19, 16, 1]], [4, [4, 13, 11]], [3, []], [1, []], [11, []], [10, [10]], [23, []], [26, [26, 22, 14]], [28, [28, 18]], [6, [6, 17]], [29, [29]], [17, []], [18, []], [19, []], [15, [15, 30]], [16, []], [12, [12]], [14, []], [13, []], [25, [25]], [30, []], [24, [24]], [22, []], [20, [20]]]], [[[4, [11]]], [[4, [4, 13]]], [[10, [10]]], [[26, [26]]], [[26, [22, 14]]], [[28, [28, 18]]], [[6, [6, 17]]], [[29, [29]]], [[15, [15, 30]]], [[12, [12]]], [[25, [25]]], [[8, [8]]], [[21, [21]], [24, [24]]], [[20, [20]]]]]",366.32,OK
test_data\data_demand_random\30\C201_3.dat,4,1,3,800.0,"[[[[0, [27, 8, 7]], [8, []], [7, []], [25, [25, 30]], [30, []], [27, []]], [[0, [3, 2, 5, 23, 16, 1, 19]], [4, [4, 26, 13]], [3, []], [1, []], [2, []], [5, []], [11, [11]], [10, [10]], [22, [22, 14]], [24, [24]], [29, [29]], [6, [6, 15, 28, 21, 17]], [28, []], [26, []], [23, []], [18, [18]], [19, []], [12, [12, 9]], [14, []], [16, []], [15, []], [17, []], [13, []], [9, []], [21, []], [20, [20]]]], [[[4, [26]]], [[4, [4, 13]]], [[11, [11]]], [[10, [10]]], [[22, [22, 14]]], [[24, [24]]], [[29, [29]]], [[6, [28, 21, 17]]], [[6, [6, 15]]], [[18, [18]]], [[12, [12, 9]]], [[25, [25, 30]]], [[20, [20]]]]]",984.6619037896905,"[[[[0, [1, 3, 7, 27, 12, 14]], [2, [2, 13]], [1, []], [3, []], [4, [4]], [7, []], [9, [9, 16]], [12, []], [14, []], [16, []], [17, [17]], [13, []], [25, [25]], [27, []]], [[0, [11, 26, 23, 19, 15]], [8, [8]], [11, []], [5, [5]], [10, [10]], [28, [28, 29]], [6, [6, 30]], [22, [22]], [24, [24]], [29, []], [30, []], [26, []], [23, []], [18, [18, 21]], [19, []], [15, []], [21, []], [20, [20]]]], [[[8, [8]]], [[5, [5]]], [[2, [2, 13]]], [[10, [10]]], [[4, [4]]], [[28, [28, 29]]], [[6, [6, 30]]], [[22, [22]]], [[9, [9, 16]]], [[17, [17]], [24, [24]]], [[18, [18, 21]]], [[20, [20]]], [[25, [25]]]]]",332.914,OK
test_data\data_demand_random\30\C201_3.dat,4,1,4,797.0,"[[[[0, [16, 27, 18, 13, 19, 15, 17]], [8, [8]], [9, [9, 12, 25, 14, 30]], [12, []], [14, []], [16, []], [15, []], [19, []], [18, []], [17, []], [13, []], [25, []], [30, []], [27, []]], [[0, [23, 26, 1, 7, 3]], [5, [5, 29, 2]], [2, []], [1, []], [7, []], [3, []], [4, [4]], [11, [11]], [10, [10]], [23, []], [26, []], [28, [28, 21]], [6, [6]], [29, []], [24, [24]], [22, [22]], [21, []], [20, [20]]]], [[[5, [29, 2]]], [[5, [5]]], [[4, [4]]], [[11, [11]]], [[10, [10]]], [[8, [8]]], [[9, [9, 12, 30]]], [[9, [25, 14]]], [[28, [28, 21]]], [[6, [6]]], [[24, [24]]], [[22, [22]]], [[20, [20]]]]]",,None,363.843,OK
test_data\data_demand_random\30\C201_3.dat,4,1,5,786.0,"[[[[0, [27, 2, 11, 7, 22, 9]], [20, [20]], [24, [24]], [27, []], [22, []], [21, [21]], [9, []], [11, []], [2, []], [7, []]], [[0, [19, 23, 1, 3]], [5, [5, 13]], [4, [4]], [3, []], [1, []], [10, [10, 26]], [23, []], [26, []], [28, [28, 29]], [6, [6, 17, 30, 18, 15]], [29, []], [30, []], [17, []], [18, []], [19, []], [15, []], [14, [14, 16]], [16, []], [12, [12]], [13, []], [25, [25]], [8, [8]]]], [[[20, [20]]], [[5, [5, 13]]], [[4, [4]]], [[10, [26]]], [[10, [10]]], [[28, [28, 29]]], [[6, [6, 30]]], [[6, [17, 18, 15]]], [[24, [24]]], [[14, [14, 16]]], [[21, [21]]], [[12, [12]]], [[25, [25]]], [[8, [8]]]]]",,None,388.449,OK
test_data\data_demand_random\30\C201_3.dat,4,2,1,800.0,"[[[[0, [7, 4, 3, 29, 27]], [7, []], [3, []], [4, []], [21, [21, 30]], [30, []], [29, []], [27, []]], [[0, [5, 19, 13, 23, 1]], [5, []], [2, [2]], [1, []], [11, [11]], [10, [10]], [13, []], [18, [18]], [23, []], [26, [26, 28]], [28, []], [6, [6]], [24, [24, 14]], [20, [20, 17, 22]], [22, []], [25, [25, 15]], [17, []], [19, []], [15, []], [16, [16]], [14, []], [12, [12, 9]], [9, []], [8, [8]]]], [[[2, [2]]], [[11, [11]]], [[10, [10]]], [[18, [18]]], [[26, [26]]], [[26, [28]]], [[6, [6]]], [[24, [24, 14]]], [[20, [20]]], [[20, [17, 22]]], [[21, [21, 30]]], [[25, [25, 15]]], [[16, [16]]], [[12, [12, 9]]], [[8, [8]]]]]",844.0,"[[[[0, [23, 26, 27]], [20, [20]], [21, [21]], [23, []], [26, []], [28, [28, 29]], [6, [6, 30]], [29, []], [30, []], [27, []], [24, [24]]], [[0, [3, 1, 7, 19, 4, 16]], [1, []], [7, []], [3, []], [4, []], [10, [10, 13, 2]], [8, [8]], [11, [11]], [2, []], [5, [5, 9, 25, 12, 17, 15]], [25, []], [13, []], [17, []], [18, [18, 14]], [19, []], [15, []], [16, []], [12, []], [14, []], [9, []], [22, [22]]]], [[[10, [13, 2]]], [[10, [10]]], [[8, [8]]], [[11, [11]]], [[20, [20]]], [[21, [21]], [5, [5]]], [[5, [12, 17, 15]]], [[5, [9, 25]]], [[18, [18, 14]]], [[22, [22]]], [[28, [28, 29]]], [[6, [6, 30]]], [[24, [24]]]]]",577.216,OK
test_data\data_demand_random\30\C201_3.dat,4,2,2,797.0,"[[[[0, [7, 27, 2, 5]], [21, [21, 22]], [22, []], [27, []], [30, [30, 25]], [25, []], [2, []], [7, []], [5, []]], [[0, [26, 23, 19, 3, 1, 16]], [3, []], [4, [4, 13]], [1, []], [11, [11, 18, 29]], [10, [10]], [24, [24, 14]], [20, [20]], [29, []], [6, [6, 15]], [28, [28, 17]], [26, []], [23, []], [18, []], [19, []], [14, []], [12, [12, 9]], [16, []], [15, []], [17, []], [13, []], [9, []], [8, [8]]]], [[[4, [4, 13]]], [[11, [11]]], [[11, [18, 29]]], [[10, [10]]], [[24, [24, 14]]], [[20, [20]]], [[21, [21, 22]]], [[6, [6, 15]]], [[28, [28, 17]]], [[30, [30, 25]]], [[12, [12, 9]]], [[8, [8]]]]]",835.6619037896907,"[[[[0, [16, 3, 1, 19, 23]], [1, []], [4, [4, 13]], [3, []], [11, [11]], [10, [10]], [23, []], [26, [26]], [28, [28, 15, 14]], [15, []], [19, []], [16, []], [14, []], [12, [12, 17]], [13, []], [17, []], [18, [18, 29]], [6, [6]], [29, []], [24, [24]], [20, [20]], [22, [22]]], [[0, [27, 5, 2, 7, 9]], [8, [8, 30]], [21, [21, 25]], [27, []], [30, []], [25, []], [9, []], [5, []], [2, []], [7, []]]], [[[4, [4, 13]]], [[11, [11]]], [[10, [10]]], [[26, [26]]], [[8, [8]]], [[28, [28, 15, 14]]], [[8, [30]], [12, [12, 17]]], [[21, [21, 25]]], [[18, [18, 29]]], [[6, [6]]], [[24, [24]]], [[20, [20]]], [[22, [22]]]]]",736.509,OK
test_data\data_demand_random\30\C201_3.dat,4,2,3,802.0,"[[[[0, [5, 7, 3, 27]], [5, []], [4, [4]], [3, []], [7, []], [25, [25, 30]], [30, []], [27, []], [20, [20]]], [[0, [16, 19, 23, 1]], [1, []], [2, [2, 29]], [11, [11]], [10, [10]], [23, []], [26, [26]], [28, [28, 18]], [29, []], [6, [15, 6]], [24, [24]], [22, [22]], [8, [8]], [9, [9, 12, 21]], [12, []], [14, [14, 13, 17]], [16, []], [15, []], [19, []], [18, []], [17, []], [13, []], [21, []]]], [[[2, [2, 29]]], [[11, [11]]], [[4, [4]]], [[10, [10]]], [[26, [26]]], [[28, [28, 18]]], [[6, [15, 6]]], [[24, [24]]], [[22, [22]]], [[8, [8]]], [[9, [9, 12, 21]]], [[14, [14, 13, 17]]], [[25, [25, 30]]], [[20, [20]]]]]",862.0,"[[[[0, [1, 7, 27]], [5, [5, 30]], [2, [2]], [1, []], [7, []], [9, [9, 6]], [30, []], [6, []], [27, []]], [[0, [3, 4, 11, 23, 26, 19, 13]], [4, []], [3, []], [13, []], [11, []], [10, [10]], [23, []], [26, []], [28, [28, 29]], [29, []], [22, [22]], [21, [21]], [8, [8]], [25, [25, 17]], [17, [14, 18, 15]], [18, []], [19, []], [15, []], [14, []], [16, [16]], [12, [12]], [24, [24]], [20, [20]]]], [[[5, [5, 30]]], [[10, [10]]], [[28, [28, 29]]], [[22, [22]]], [[21, [21]], [2, [2]]], [[8, [8]]], [[9, [9, 6]]], [[25, [25, 17]]], [[17, [14, 18, 15]]], [[16, [16]]], [[12, [12]]], [[24, [24]]], [[20, [20]]]]]",999.992,OK
test_data\data_demand_random\30\C201_3.dat,4,2,4,789.0831891575846,"[[[[0, [23, 19, 1]], [2, [2, 29]], [1, []], [5, [5, 13]], [11, [11]], [10, [10]], [23, []], [26, [26]], [28, [28, 18]], [22, [22, 14]], [24, [24]], [29, []], [6, [6, 15]], [30, [30, 16]], [25, [25, 17]], [13, []], [17, []], [18, []], [19, []], [15, []], [16, []], [14, []], [12, [12, 9, 21]], [9, []], [21, []]], [[0, [7, 4, 3, 27]], [7, []], [3, []], [4, []], [8, [8]], [27, []], [20, [20]]]], [[[2, [2, 29]]], [[5, [5, 13]]], [[11, [11]]], [[10, [10]]], [[26, [26]]], [[28, [28, 18]]], [[22, [22, 14]]], [[24, [24]]], [[6, [6, 15]]], [[30, [30, 16]]], [[25, [25, 17]]], [[8, [8]]], [[20, [20]]], [[12, [12, 9, 21]]]]]",871.0,"[[[[0, [2, 5, 3, 1, 23, 19]], [5, []], [2, []], [3, []], [1, []], [4, [4, 13]], [10, [10]], [23, []], [26, [26]], [28, [28, 21, 17]], [6, [6, 15]], [20, [20]], [21, []], [13, []], [17, []], [18, [18, 14]], [19, []], [15, []], [16, [16]], [14, []], [12, [12]], [22, [22]]], [[0, [7, 24, 29, 27]], [11, [11]], [7, [25]], [9, [9, 30]], [25, []], [30, []], [24, []], [29, []], [27, []], [8, [8]]]], [[[11, [11]]], [[4, [4, 13]]], [[10, [10]]], [[26, [26]]], [[28, [28, 21, 17]]], [[6, [6, 15]]], [[20, [20]]], [[18, [18, 14]]], [[7, [25]]], [[16, [16]]], [[9, [9, 30]], [12, [12]]], [[8, [8]]], [[22, [22]]]]]",743.735,OK
test_data\data_demand_random\30\C201_3.dat,4,2,5,792.0,"[[[[0, [27, 8, 7, 2, 5]], [21, [21, 30]], [30, []], [27, []], [8, []], [5, []], [2, []], [7, []]], [[0, [26, 23, 13, 19, 16, 1, 3]], [1, []], [3, []], [4, [4]], [10, [10]], [11, [11]], [22, [22]], [20, [20]], [24, [24]], [29, [29]], [6, [6, 14]], [28, [28, 18]], [26, []], [23, []], [25, [25, 17]], [13, []], [17, []], [18, []], [19, []], [15, [15, 12, 9]], [16, []], [14, []], [12, []], [9, []]]], [[[4, [4]]], [[10, [10]]], [[11, [11]]], [[22, [22]]], [[20, [20]]], [[24, [24]]], [[29, [29]]], [[6, [6, 14]]], [[21, [21, 30]]], [[28, [28, 18]]], [[25, [25, 17]]], [[15, [15, 12, 9]]]]]",799.0,"[[[[0, [27, 10, 7, 2]], [27, []], [30, [30]], [21, [21]], [10, []], [7, []], [2, []]], [[0, [26, 23, 13, 19, 16, 1, 3]], [1, []], [3, []], [4, [4]], [5, [5]], [11, [11]], [22, [22]], [20, [20]], [24, [24, 14]], [29, [29]], [6, [6]], [28, [28, 18]], [26, []], [23, []], [25, [25, 12, 9, 17]], [13, []], [17, []], [18, []], [19, []], [15, [15]], [16, []], [14, []], [12, []], [9, []], [8, [8]]]], [[[4, [4]]], [[5, [5]]], [[11, [11]]], [[22, [22]]], [[20, [20]]], [[24, [24, 14]]], [[29, [29]]], [[6, [6]]], [[28, [28, 18]]], [[25, [12, 9]], [30, [30]]], [[25, [25, 17]]], [[21, [21]]], [[15, [15]]], [[8, [8]]]]]",774.904,OK
test_data\data_demand_random\30\C201_3.dat,4,3,1,794.0,"[[[[0, [22, 6, 28, 26, 27, 23, 29]], [22, []], [27, []], [6, []], [28, []], [26, []], [23, []], [30, [30, 24]], [29, []], [24, []]], [[0, [19, 18, 7, 1, 3, 14, 11]], [4, [4, 13]], [3, []], [7, []], [1, []], [2, [2, 17, 5]], [5, []], [10, [10]], [8, [8]], [11, []], [9, [9, 12, 15]], [12, []], [16, [16]], [14, []], [15, []], [19, []], [18, []], [17, []], [13, []], [25, [25, 21]], [21, []], [20, [20]]]], [[[4, [4, 13]]], [[2, [2]]], [[2, [17, 5]]], [[10, [10]]], [[8, [8]]], [[30, [30, 24]]], [[9, [9, 12, 15]]], [[16, [16]]], [[25, [25, 21]]], [[20, [20]]]]]",846.0,"[[[[0, [23, 19, 13, 3]], [4, [4]], [3, []], [11, [11]], [23, []], [26, [26, 22]], [28, [28]], [6, [6, 17]], [20, [20]], [22, []], [21, [21, 15]], [8, [8]], [10, [10]], [25, [25, 9]], [13, []], [15, []], [19, []], [18, [18, 29]], [17, []], [9, []], [30, [30, 24]], [29, []], [24, []]], [[0, [16, 27, 7, 1]], [5, [5]], [2, [2]], [7, []], [1, []], [12, [12, 14]], [14, []], [16, []], [27, []]]], [[[4, [4]]], [[11, [11]]], [[26, [26]]], [[26, [22]]], [[28, [28]]], [[5, [5]]], [[6, [6, 17]]], [[20, [20]]], [[21, [21, 15]], [2, [2]]], [[8, [8]]], [[10, [10]]], [[25, [25, 9]]], [[18, [18, 29]]], [[30, [30, 24]]], [[12, [12, 14]]]]]",1538.214,OK
test_data\data_demand_random\30\C201_3.dat,4,3,2,789.0831891575846,"[[[[0, [22, 27, 7, 5, 2]], [20, [20]], [22, []], [27, []], [30, [30, 21]], [21, []], [8, [8]], [5, []], [2, []], [7, []]], [[0, [16, 3, 26, 1, 23, 19]], [4, [4, 13]], [3, []], [1, []], [10, [10, 11, 18]], [23, []], [26, []], [28, [28, 29]], [6, [6, 15]], [29, [14, 24]], [24, []], [25, [25]], [13, []], [17, [17, 12, 9]], [18, []], [19, []], [15, []], [16, []], [14, []], [12, []], [9, []], [11, []]]], [[[4, [4, 13]]], [[10, [10]]], [[10, [18]]], [[10, [11]]], [[20, [20]]], [[28, [28, 29]]], [[6, [6, 15]]], [[29, [14, 24]]], [[25, [25]]], [[17, [17, 12, 9]]], [[30, [30, 21]]], [[8, [8]]]]]",854.0,"[[[[0, [27, 30, 8, 4, 3, 7, 11]], [22, [22]], [27, []], [30, []], [21, [21]], [8, []], [4, []], [3, []], [7, []], [11, []], [20, [20]]], [[0, [19, 23]], [2, [2, 13, 1]], [1, []], [10, [10]], [19, []], [18, [18, 29]], [26, [26]], [24, [24]], [29, []], [6, [6, 17]], [28, [28]], [23, []], [25, [25, 15, 12]], [9, [9, 16]], [13, []], [17, []], [15, []], [16, []], [14, [14, 5]], [12, []], [5, []]]], [[[2, [1]]], [[22, [22]]], [[2, [2, 13]]], [[10, [10]]], [[18, [18, 29]]], [[26, [26]]], [[24, [24]]], [[6, [6, 17]]], [[28, [28]]], [[21, [21]], [25, [12]]], [[25, [25, 15]]], [[9, [9, 16]]], [[20, [20]]], [[14, [14, 5]]]]]",1469.67,OK
test_data\data_demand_random\30\C201_3.dat,4,3,3,792.0,"[[[[0, [23, 1, 19]], [5, [5]], [1, []], [10, [10]], [13, [13, 16]], [18, [18, 29]], [19, []], [23, []], [26, [26]], [28, [28, 14]], [6, [6]], [29, [15, 24]], [24, []], [20, [20, 17, 9, 12]], [9, []], [12, []], [14, []], [16, []], [15, []], [17, []], [25, [25]], [8, [8]]], [[0, [27, 22, 3, 7, 4, 2, 11]], [22, []], [27, []], [30, [30, 21]], [21, []], [11, []], [2, []], [7, []], [3, []], [4, []]]], [[[5, [5]]], [[10, [10]]], [[13, [13, 16]]], [[18, [18, 29]]], [[26, [26]]], [[28, [28, 14]]], [[6, [6]]], [[29, [15, 24]]], [[20, [20]]], [[20, [17, 9, 12]]], [[30, [30, 21]]], [[25, [25]]], [[8, [8]]]]]",817.298221281347,"[[[[0, [19, 23, 16, 26, 13]], [5, [5]], [2, [2]], [10, [10]], [18, [18, 29]], [23, []], [26, [28, 14]], [28, []], [6, [6]], [24, [24]], [20, [20]], [29, []], [30, [30, 15]], [9, [9, 12, 17, 25]], [12, []], [14, []], [16, []], [15, []], [19, []], [17, []], [13, []], [25, []], [22, [22]]], [[0, [27, 7, 3, 4, 1, 11]], [27, []], [21, [21]], [8, [8]], [11, []], [3, []], [4, []], [7, []], [1, []]]], [[[5, [5]]], [[2, [2]]], [[10, [10]]], [[18, [18, 29]]], [[26, [28, 14]]], [[6, [6]]], [[24, [24]]], [[20, [20]]], [[30, [30, 15]]], [[21, [21]], [9, [12, 17]]], [[8, [8]]], [[9, [9, 25]]], [[22, [22]]]]]",1088.214,OK
test_data\data_demand_random\30\C201_3.dat,4,3,4,796.0,"[[[[0, [8, 10, 7, 27, 22, 11]], [8, []], [10, []], [11, []], [7, []], [9, [9, 21]], [21, []], [27, []], [22, []]], [[0, [23, 3, 1, 19]], [4, [4, 13, 26]], [3, []], [1, []], [2, [2, 29]], [5, [5, 16]], [20, [20]], [24, [24, 14]], [29, []], [6, [6, 15]], [28, [28, 17]], [26, []], [23, []], [17, []], [18, [18, 12]], [19, []], [15, []], [16, []], [12, []], [14, []], [13, []], [25, [25, 30]], [30, []]]], [[[4, [26]]], [[4, [4, 13]]], [[2, [2, 29]]], [[5, [5]]], [[5, [16]]], [[20, [20]]], [[24, [24, 14]]], [[6, [6, 15]]], [[28, [28, 17]]], [[9, [9, 21]]], [[18, [18, 12]]], [[25, [25, 30]]]]]",,None,1025.837,OK
test_data\data_demand_random\30\C201_3.dat,4,3,5,800.0,"[[[[0, [23, 19, 1]], [2, [2, 29]], [11, [11]], [10, [10]], [1, []], [5, [5]], [20, [20]], [22, [22]], [24, [24, 14]], [29, []], [6, [6, 15]], [28, [28, 18]], [26, [26, 13, 16]], [23, []], [18, []], [17, [17, 25]], [19, []], [15, []], [16, []], [12, [12]], [14, []], [13, []], [25, []], [8, [8]]], [[0, [4, 3, 7, 27]], [4, []], [3, []], [7, []], [9, [9, 30, 21]], [21, []], [30, []], [27, []]]], [[[2, [2, 29]]], [[11, [11]]], [[10, [10]]], [[5, [5]]], [[20, [20]]], [[22, [22]]], [[24, [24, 14]]], [[6, [6, 15]]], [[28, [28, 18]]], [[26, [26]]], [[26, [13, 16]]], [[17, [17, 25]]], [[12, [12]]], [[9, [9, 30, 21]]], [[8, [8]]]]]",,None,1422.937,OK
test_data\data_demand_random\30\C201_3.dat,8,1,1,701.0788655293195,"[[[[0, []], [19, [19, 13]], [13, []], [23, [23, 16]], [28, [28, 24]], [24, [14, 18, 15]], [18, []], [17, [17]], [15, []], [16, []], [14, []], [12, [12, 9, 8]], [9, []], [8, []]], [[0, [1]], [26, [26]], [11, [11, 2, 29]], [3, [3, 4]], [1, []], [4, []], [7, [7, 5]], [2, []], [5, []], [10, [10, 22]], [21, [21, 6, 20]], [20, []], [6, []], [29, []], [27, [27, 30]], [30, []], [25, [25]], [22, []]]], [[[26, [26]]], [[11, [11, 2, 29]]], [[3, [3, 4]]], [[19, [19, 13]]], [[23, [23, 16]]], [[7, [7, 5]]], [[10, [10, 22]]], [[28, [28, 24]]], [[24, [14, 18, 15]]], [[21, [21, 6, 20]]], [[27, [27, 30]]], [[17, [17]]], [[12, [12, 9, 8]]], [[25, [25]]]]]",982.7630546142402,"[[[[0, [5, 4, 11, 3, 7, 8, 20, 1]], [5, []], [4, []], [1, []], [2, [2, 9, 12, 14, 25, 21]], [11, []], [3, []], [7, []], [8, []], [20, []], [9, []], [12, []], [14, []], [25, []], [21, []]], [[0, [19, 16, 29, 28, 26, 23, 18, 15]], [10, [10, 13, 27, 30, 22, 17, 24, 6]], [13, []], [19, []], [16, []], [29, []], [28, []], [26, []], [23, []], [18, []], [15, []], [17, []], [24, []], [6, []], [27, []], [30, []], [22, []]]], [[[10, [10, 30, 22]]], [[10, [27]], [2, [2]]], [[10, [13, 17, 24, 6]]], [[2, [9, 12, 14, 25, 21]]]]]",349.464,OK
test_data\data_demand_random\30\C201_3.dat,8,1,2,684.05551275464,"[[[[0, [1]], [23, [23, 12, 9, 25, 28, 16]], [28, []], [26, [26]], [19, [19]], [1, [3]], [3, []], [7, [7, 14, 18]], [18, []], [15, [15, 17, 21]], [17, []], [16, []], [14, []], [12, []], [9, []], [25, []], [21, []]], [[0, []], [11, [11, 5, 29]], [5, []], [4, [4, 2, 13]], [2, []], [10, [10]], [22, [22]], [13, []], [20, [20, 8]], [6, [6, 24]], [29, []], [24, []], [27, [27, 30]], [30, []], [8, []]]], [[[11, [11, 5, 29]]], [[23, [12, 9, 25, 28]]], [[23, [23, 16]]], [[26, [26]]], [[4, [4, 2, 13]]], [[19, [19]]], [[1, [3]]], [[10, [10]]], [[22, [22]]], [[7, [7, 14, 18]]], [[20, [20, 8]]], [[15, [15, 17, 21]]], [[6, [6, 24]]], [[27, [27, 30]]]]]",,None,586.89,OK
test_data\data_demand_random\30\C201_3.dat,8,1,3,701.0788655293195,"[[[[0, []], [23, [23]], [4, [4, 2, 5]], [3, [3, 16]], [11, [11]], [2, []], [5, []], [10, [10, 14, 18]], [7, [7]], [18, [17, 15]], [17, []], [15, []], [16, []], [14, []], [12, [12, 9, 8]], [9, []], [8, []]], [[0, []], [26, [26, 13, 1]], [1, [29]], [13, []], [19, [19, 24]], [28, [28, 22]], [24, []], [22, []], [29, []], [6, [6]], [27, [27]], [25, [25, 30, 20]], [30, []], [21, [21]], [20, []]]], [[[23, [23]]], [[26, [1]]], [[26, [26, 13]]], [[1, [29]]], [[4, [4, 2, 5]]], [[3, [3, 16]]], [[11, [11]]], [[19, [19, 24]]], [[10, [10, 14, 18]]], [[28, [28, 22]]], [[6, [6]]], [[7, [7]]], [[18, [17, 15]]], [[27, [27]]], [[12, [12, 9, 8]]], [[25, [25, 30, 20]]], [[21, [21]]]]]",,None,447.908,OK
test_data\data_demand_random\30\C201_3.dat,8,1,4,701.0788655293195,"[[[[0, []], [11, [11]], [13, [13, 29]], [29, []], [26, [26]], [24, [24, 22]], [22, []], [28, [28, 21, 20]], [6, [6]], [27, [27]], [30, [30]], [25, [25]], [21, []], [20, []]], [[0, [1]], [23, [23]], [1, []], [5, [5, 16]], [3, [3, 4]], [4, []], [10, [10, 2]], [7, [7, 18]], [2, [19]], [18, [15, 17, 14, 8]], [19, []], [17, []], [15, []], [16, []], [14, []], [12, [12, 9]], [9, []], [8, []]]], [[[11, [11]]], [[23, [23]]], [[13, [13, 29]]], [[5, [5, 16]]], [[26, [26]]], [[3, [3, 4]]], [[10, [10, 2]]], [[24, [24, 22]]], [[7, [7, 18]]], [[2, [19]]], [[18, [15, 17, 14, 8]]], [[28, [28, 21, 20]]], [[6, [6]]], [[27, [27]]], [[12, [12, 9]]], [[30, [30]]], [[25, [25]]]]]",,None,357.607,OK
test_data\data_demand_random\30\C201_3.dat,8,1,5,680.0831891575846,"[[[[0, []], [11, [11, 26, 13]], [26, []], [23, [23, 12, 17, 18, 15, 14, 16, 9]], [13, []], [14, []], [16, []], [17, []], [18, []], [15, []], [28, [28]], [19, [19]], [12, []], [9, []], [25, [25, 8]], [8, []]], [[0, []], [4, [4, 3, 1]], [3, []], [10, [10, 5]], [5, []], [2, [2, 22, 29]], [1, []], [7, [7, 24]], [21, [21, 20]], [20, []], [29, []], [24, []], [6, [6]], [22, []], [27, [27, 30]], [30, []]]], [[[11, [11, 26, 13]]], [[4, [1]]], [[4, [4, 3]]], [[23, [12, 17, 18, 15, 14, 9]]], [[23, [23, 16]]], [[10, [10, 5]]], [[2, [2, 22, 29]]], [[7, [7, 24]]], [[28, [28]]], [[19, [19]]], [[21, [21, 20]]], [[6, [6]]], [[27, [27, 30]]], [[25, [25, 8]]]]]",795.6619037896905,"[[[[0, [29]], [11, [11, 5]], [3, [3, 22]], [5, []], [24, [24, 20]], [29, []], [21, [21, 28]], [8, [8, 25, 9, 6]], [20, []], [22, []], [25, []], [9, []], [6, []], [28, []]], [[0, [1]], [13, [13, 26, 23, 16]], [26, []], [23, []], [19, [19]], [2, [2, 10, 4]], [1, []], [4, []], [7, [7, 18, 14]], [10, []], [14, []], [15, [15, 17]], [18, [30, 27]], [17, []], [12, [12]], [16, []], [30, []], [27, []]]], [[[13, [23, 16]]], [[11, [11, 5]]], [[13, [13, 26]]], [[3, [3, 22]]], [[19, [19]]], [[2, [4]]], [[2, [2, 10]]], [[24, [24, 20]]], [[7, [7, 18, 14]]], [[21, [21, 28]]], [[8, [25, 9, 6]]], [[8, [8]], [15, [15, 17]]], [[18, [30, 27]]], [[12, [12]]]]]",572.102,OK
test_data\data_demand_random\30\C201_3.dat,8,2,1,680.0831891575846,"[[[[0, [1]], [23, [23, 12, 15, 17, 9, 13, 16]], [9, []], [29, [29, 19]], [10, [10]], [7, [7, 14]], [1, []], [13, [20]], [16, []], [17, []], [19, []], [15, []], [14, []], [12, []], [25, [25, 27]], [27, []], [20, []]], [[0, []], [26, [26]], [11, [11]], [3, [3, 4]], [4, []], [5, [5, 2, 22]], [2, []], [18, [18, 24]], [22, []], [24, []], [6, [6, 28, 21]], [28, []], [30, [30, 8]], [8, []], [21, []]]], [[[23, [12, 15, 17, 9, 13]]], [[26, [26]]], [[23, [23, 16]]], [[11, [11]]], [[29, [29, 19]]], [[3, [3, 4]]], [[10, [10]]], [[5, [5, 2, 22]]], [[18, [18, 24]]], [[7, [7, 14]]], [[13, [20]]], [[6, [6, 28, 21]]], [[25, [25, 27]]], [[30, [30, 8]]]]]",,None,809.258,OK
test_data\data_demand_random\30\C201_3.dat,8,2,2,688.0279609997021,"[[[[0, []], [4, [4, 23]], [22, [22, 19]], [23, []], [19, []], [26, [26, 29]], [28, [28]], [6, [6, 24]], [29, []], [24, []], [27, [27, 30, 21]], [30, []], [25, [25, 20]], [21, []], [20, []]], [[0, []], [11, [11, 2, 1, 12, 9, 5, 13]], [1, []], [3, [3, 16]], [2, []], [10, [10]], [5, []], [7, [7, 14, 18]], [14, []], [16, []], [18, []], [13, []], [17, [17, 15, 8]], [15, []], [12, []], [9, []], [8, []]]], [[[11, [1, 12, 9, 13]]], [[4, [4, 23]]], [[11, [11, 2, 5]]], [[3, [3, 16]]], [[10, [10]]], [[22, [22, 19]]], [[7, [7, 14, 18]]], [[26, [26, 29]]], [[28, [28]]], [[6, [6, 24]]], [[17, [17, 15, 8]]], [[27, [27, 30, 21]]], [[25, [25, 20]]]]]",,None,855.288,OK
test_data\data_demand_random\30\C201_3.dat,8,2,3,701.0788655293195,"[[[[0, []], [16, [16]], [19, [19]], [10, [10, 5]], [5, []], [4, [4, 3]], [3, []], [7, [7, 2]], [2, []], [21, [21]], [20, [20, 22, 6]], [6, []], [27, [27, 30, 9]], [30, []], [25, [25]], [9, []], [22, []]], [[0, [1]], [23, [23, 11]], [11, []], [1, []], [13, [13, 29, 26]], [29, []], [24, [24, 28, 18, 14]], [28, []], [26, []], [18, []], [17, [17, 15, 8]], [15, []], [14, []], [12, [12]], [8, []]]], [[[16, [16]]], [[23, [23, 11]]], [[13, [13, 29, 26]]], [[19, [19]]], [[10, [10, 5]]], [[4, [4, 3]]], [[24, [24, 28, 18, 14]]], [[7, [7, 2]]], [[21, [21]]], [[20, [20, 22]]], [[20, [6]]], [[17, [17, 15, 8]]], [[27, [27, 30, 9]]], [[25, [25]]], [[12, [12]]]]]",,None,601.234,OK
test_data\data_demand_random\30\C201_3.dat,8,2,4,701.0788655293195,"[[[[0, [1]], [1, []], [11, [11]], [2, [2, 5]], [5, []], [19, [19, 16]], [29, [29]], [28, [28, 26]], [26, []], [17, [17, 18, 14, 15]], [15, []], [18, []], [14, []], [16, []], [12, [12, 9, 21, 20]], [9, []], [21, []], [20, []]], [[0, []], [13, [13]], [23, [23]], [10, [10, 24]], [4, [4]], [7, [7]], [3, [3, 22]], [8, [8, 6]], [22, []], [6, []], [30, [30, 27]], [25, [25]], [27, []], [24, []]]], [[[13, [13]]], [[23, [23]]], [[11, [11]]], [[2, [2, 5]]], [[10, [10, 24]]], [[4, [4]]], [[19, [19, 16]]], [[29, [29]]], [[7, [7]]], [[3, [3, 22]]], [[28, [28, 26]]], [[17, [17, 18, 14, 15]]], [[8, [8, 6]]], [[12, [12, 9, 21, 20]]], [[30, [30, 27]]], [[25, [25]]]]]",,None,671.531,OK
test_data\data_demand_random\30\C201_3.dat,8,2,5,701.0788655293195,"[[[[0, []], [5, [5, 11, 29]], [11, []], [10, [10, 22]], [22, []], [29, []], [18, [18, 28, 26]], [26, []], [28, []], [6, [6, 24]], [27, [27, 30]], [24, []], [30, []], [25, [25, 8]], [8, []]], [[0, [1]], [16, [16, 23]], [13, [13, 2]], [19, [19, 4]], [23, []], [2, []], [1, []], [7, [7]], [4, []], [3, [3]], [15, [15, 17, 14, 21, 20]], [17, []], [14, []], [12, [12, 9]], [9, []], [21, []], [20, []]]], [[[16, [16, 23]]], [[5, [5, 11, 29]]], [[13, [13, 2]]], [[19, [19, 4]]], [[10, [10, 22]]], [[7, [7]]], [[3, [3]]], [[18, [18, 28, 26]]], [[15, [15, 17, 14, 21, 20]]], [[6, [6, 24]]], [[27, [27, 30]]], [[12, [12, 9]]], [[25, [25, 8]]]]]",,None,643.996,OK
test_data\data_demand_random\30\C201_3.dat,8,3,1,680.0831891575846,"[[[[0, [1]], [16, [16, 2, 13, 12, 9, 7]], [5, [5, 3]], [2, []], [7, []], [1, []], [3, []], [4, [4]], [10, [10, 18, 14]], [13, []], [18, []], [17, [17, 15, 8]], [15, []], [14, []], [12, []], [9, []], [25, [25]], [8, []]], [[0, []], [26, [26]], [23, [23, 29, 11]], [19, [19]], [11, []], [28, [28, 24, 22]], [22, []], [24, []], [29, []], [6, [6, 21, 20]], [27, [27, 30]], [30, []], [21, []], [20, []]]], [[[26, [26]]], [[16, [12, 9, 7]]], [[23, [11]]], [[16, [16, 2, 13]]], [[23, [23, 29]]], [[19, [19]]], [[5, [5, 3]]], [[4, [4]]], [[28, [28, 24, 22]]], [[10, [10, 18, 14]]], [[6, [6, 21, 20]]], [[17, [17, 15, 8]]], [[27, [27, 30]]], [[25, [25]]]]]",739.6619037896907,"[[[[0, [13, 16]], [13, []], [22, [22, 14]], [28, [28, 18, 20]], [6, [6, 19]], [17, [17]], [18, []], [19, []], [16, []], [14, []], [12, [12, 25, 27]], [25, []], [27, []], [20, []]], [[0, [1]], [26, [26, 2, 29]], [23, [23, 5]], [5, []], [2, []], [1, []], [4, [4, 24]], [3, [3]], [7, [7]], [10, [10, 11, 15]], [21, [21, 8]], [8, [30, 9]], [11, []], [9, []], [15, []], [30, []], [29, []], [24, []]]], [[[26, [26, 2, 29]]], [[22, [22, 14]]], [[23, [23, 5]]], [[4, [4, 24]]], [[3, [3]]], [[7, [7]]], [[10, [10, 11, 15]]], [[28, [28, 18, 20]]], [[6, [6, 19]]], [[21, [21, 8]]], [[17, [17]]], [[12, [27]], [8, [30, 9]]], [[12, [12, 25]]]]]",1204.729,OK
test_data\data_demand_random\30\C201_3.dat,8,3,2,680.0831891575846,"[[[[0, []], [23, [23, 13]], [26, [26]], [19, [19, 2]], [3, [3, 24]], [7, [7, 4]], [4, []], [2, []], [10, [10]], [8, [8, 17, 21]], [21, []], [13, []], [17, [27]], [25, [25, 20]], [27, []], [24, []], [20, []]], [[0, [1]], [11, [11]], [5, [5, 6, 9, 30, 12, 15]], [1, []], [9, []], [22, [22, 18]], [6, []], [28, [28, 16, 29, 14]], [18, []], [12, []], [16, []], [14, []], [15, []], [30, []], [29, []]]], [[[11, [11]]], [[23, [23, 13]]], [[26, [26]]], [[19, [19, 2]]], [[5, [6, 9, 30, 12, 15]]], [[5, [5]]], [[22, [22, 18]]], [[3, [3, 24]]], [[28, [28, 16, 29, 14]]], [[7, [7, 4]]], [[10, [10]]], [[8, [8, 17, 21]]], [[17, [27]]], [[25, [25, 20]]]]]",680.0831891575846,"[[[[0, []], [11, [11]], [19, [19, 2]], [3, [3, 4]], [4, []], [7, [7, 18]], [2, []], [10, [10]], [8, [8, 21]], [21, []], [18, []], [25, [25, 20]], [20, []]], [[0, []], [23, [23, 13, 1]], [26, [26]], [5, [5, 6, 9, 30, 12, 15, 29]], [1, []], [9, []], [22, [22, 24]], [6, []], [28, [28, 16, 14]], [17, [17]], [13, []], [12, []], [16, []], [14, []], [15, []], [30, []], [29, []], [27, [27]], [24, []]]], [[[23, [1]]], [[23, [23, 13]]], [[26, [26]]], [[11, [11]]], [[5, [6, 9, 30, 12, 15]]], [[19, [19, 2]]], [[5, [5, 29]]], [[22, [22, 24]]], [[3, [3, 4]]], [[7, [7, 18]]], [[28, [28, 16, 14]]], [[10, [10]]], [[8, [8, 21]], [17, [17]]], [[27, [27]]], [[25, [25, 20]]]]]",1036.409,OK
test_data\data_demand_random\30\C201_3.dat,8,3,3,701.0788655293195,"[[[[0, [1]], [5, [5, 2, 4]], [2, []], [4, []], [10, [10, 16]], [1, []], [7, [7, 14, 18]], [3, [3]], [8, [8]], [18, []], [17, [17, 15, 21]], [15, []], [16, []], [14, []], [12, [12, 9]], [9, []], [21, []]], [[0, []], [11, [11, 19]], [26, [22, 23, 26, 13, 29]], [19, []], [23, []], [13, []], [24, [24]], [29, []], [6, [6, 28]], [28, []], [30, [30, 20]], [25, [25, 27]], [27, []], [22, []], [20, []]]], [[[5, [5, 2, 4]]], [[11, [11, 19]]], [[26, [26, 13, 29]]], [[10, [10, 16]]], [[26, [22, 23]]], [[24, [24]]], [[7, [7, 14, 18]]], [[3, [3]]], [[8, [8]]], [[6, [6, 28]]], [[17, [17, 15, 21]]], [[12, [12, 9]]], [[30, [30, 20]]], [[25, [25, 27]]]]]",,None,1031.827,OK
test_data\data_demand_random\30\C201_3.dat,8,3,4,701.0788655293195,"[[[[0, []], [16, [16, 23]], [3, [3]], [19, [19, 24]], [23, []], [28, [28, 20]], [6, [6, 22, 29, 21]], [29, []], [20, []], [21, []], [22, []], [27, [27, 30]], [30, []], [25, [25]], [24, []]], [[0, [1]], [13, [13, 26]], [1, []], [11, [11, 2]], [26, []], [10, [10, 18, 14]], [2, []], [7, [7, 5]], [4, [4]], [5, []], [18, [17, 15, 8]], [17, []], [15, []], [14, []], [12, [12, 9]], [9, []], [8, []]]], [[[13, [13, 26]]], [[16, [16, 23]]], [[11, [11, 2]]], [[3, [3]]], [[19, [19, 24]]], [[10, [10, 18, 14]]], [[7, [7, 5]]], [[4, [4]]], [[28, [28, 20]]], [[6, [21]]], [[6, [6, 22, 29]]], [[18, [17, 15, 8]]], [[12, [12, 9]]], [[27, [27, 30]]], [[25, [25]]]]]",749.298221281347,"[[[[0, [1]], [3, [3, 5]], [4, [4, 2, 11]], [5, []], [1, []], [18, [18, 10]], [11, []], [7, [7, 21]], [2, []], [10, []], [8, [8, 9]], [9, [29]], [25, [25, 30]], [30, []], [29, []], [27, [27]], [21, []]], [[0, []], [22, [22, 26, 13]], [24, [24, 23, 14, 15, 16]], [26, []], [23, []], [28, [28, 19]], [6, [6, 20]], [19, []], [17, [17, 12]], [12, []], [14, []], [16, []], [15, []], [13, []], [20, []]]], [[[3, [3, 5]]], [[22, [22, 26, 13]]], [[4, [4, 2, 11]]], [[18, [18, 10]]], [[24, [14, 15, 16]]], [[24, [24, 23]]], [[28, [28, 19]]], [[6, [6, 20]]], [[7, [7, 21]]], [[8, [8, 9]], [17, [17, 12]]], [[9, [29]]], [[25, [25, 30]]], [[27, [27]]]]]",1237.384,OK
test_data\data_demand_random\30\C201_3.dat,8,3,5,689.3016516106934,"[[[[0, [1]], [3, [3, 2]], [5, [5, 19]], [4, [4, 10]], [1, []], [7, [7, 16]], [2, []], [10, []], [17, [17, 18, 15, 14, 12]], [18, []], [19, []], [15, []], [16, []], [14, []], [12, []], [9, [9]], [25, [25]]], [[0, []], [13, [13, 11, 26]], [11, [29, 23]], [23, []], [29, []], [22, [22, 24]], [24, []], [28, [28, 20]], [26, []], [6, [6, 21, 8]], [21, [27, 30]], [8, []], [30, []], [27, []], [20, []]]], [[[3, [3, 2]]], [[5, [5, 19]]], [[13, [13, 11, 26]]], [[11, [29, 23]]], [[22, [22, 24]]], [[4, [4, 10]]], [[7, [7, 16]]], [[28, [28, 20]]], [[17, [14, 12]]], [[6, [6, 21, 8]]], [[17, [17, 18, 15]]], [[21, [27, 30]]], [[9, [9]]], [[25, [25]]]]]",734.0788655293195,"[[[[0, [1]], [1, []], [4, [4]], [2, [2, 11, 16]], [10, [10, 29]], [11, []], [7, [7, 14, 18]], [18, []], [19, [19, 24, 20]], [17, [17, 15, 6]], [15, []], [14, []], [16, []], [30, [30, 27]], [29, []], [6, []], [27, []], [24, []], [20, []]], [[0, []], [13, [13, 26]], [3, [3]], [5, [5, 22]], [22, []], [28, [28, 23]], [26, []], [23, []], [21, [21]], [12, [12, 9, 8]], [25, [25]], [9, []], [8, []]]], [[[4, [4]]], [[13, [13, 26]]], [[2, [2, 11, 16]]], [[3, [3]]], [[10, [10, 29]]], [[5, [5, 22]]], [[7, [7, 14, 18]]], [[19, [19, 24]]], [[28, [28, 23]]], [[19, [20]]], [[21, [21]], [17, [17, 15, 6]]], [[30, [30, 27]]], [[12, [12, 9, 8]]], [[25, [25]]]]]",1004.594,OK
